SampleID	Cruise	Station	Replicate	Date_Time	Day	Month	Year	Time	Latitude	Longitude	Depth	Bottom_Depth	Temperature	Salinity	Oxygen	Silicate	NO2	NOx	NH3	PO4	DOC	TOC	PAR	Chlorophyll	DCM	Season	Longhurst_Short	Longhurst_Long
1	S0033	GA02	Station_33	A	2010-6-26T12:25:00	26	6	10	12:25:00	13.1623	-53.4215	9	5025	29.07	32.12	202.8	8	0.01	0.01	NA	0.02	NA	NA	NA	NA	NA	Summer	NATR	Trades - N. Atlantic Tropical Gyral Province (TRPG)
2	S0033	GA02	Station_33	A	2010-6-26T12:25:00	26	6	10	12:25:00	13.1623	-53.4215	9	5025	29.07	32.12	202.8	8	0.01	0.01	NA	0.02	NA	NA	NA	NA	NA	Winter	NATR	Trades - N. Atlantic Tropical Gyral Province (TRPG)
3	S0034	GA02	Station_33	A	2010-6-26T12:25:00	26	6	10	12:25:00	13.1623	-53.4215	75	5025	27.35	36.06	184.4	1.5	0.26	0.76	NA	0.04	NA	NA	NA	NA	NA	Summer	NATR	Trades - N. Atlantic Tropical Gyral Province (TRPG)
4	S0034	GA02	Station_33	A	2010-6-26T12:25:00	26	6	10	12:25:00	13.1623	-53.4215	75	5025	27.35	36.06	184.4	1.5	0.26	0.76	NA	0.04	NA	NA	NA	NA	NA	Winter	NATR	Trades - N. Atlantic Tropical Gyral Province (TRPG)
5	S0035	GA02	Station_33	A	2010-6-26T12:25:00	26	6	10	12:25:00	13.1623	-53.4215	99	5025	26.57	36.65	196.2	0.9	0.05	0.05	NA	0.02	NA	NA	NA	NA	NA	Summer	NATR	Trades - N. Atlantic Tropical Gyral Province (TRPG)
6	S0035	GA02	Station_33	A	2010-6-26T12:25:00	26	6	10	12:25:00	13.1623	-53.4215	99	5025	26.57	36.65	196.2	0.9	0.05	0.05	NA	0.02	NA	NA	NA	NA	NA	Winter	NATR	Trades - N. Atlantic Tropical Gyral Province (TRPG)
7	S0036	GA02	Station_33	A	2010-6-26T12:25:00	26	6	10	12:25:00	13.1623	-53.4215	150	5025	22.09	36.91	144.8	1.7	0.04	4.64	NA	0.24	NA	NA	NA	NA	NA	Summer	NATR	Trades - N. Atlantic Tropical Gyral Province (TRPG)
8	S0036	GA02	Station_33	A	2010-6-26T12:25:00	26	6	10	12:25:00	13.1623	-53.4215	150	5025	22.09	36.91	144.8	1.7	0.04	4.64	NA	0.24	NA	NA	NA	NA	NA	Winter	NATR	Trades - N. Atlantic Tropical Gyral Province (TRPG)
9	S0037	GA02	Station_33	A	2010-6-26T12:25:00	26	6	10	12:25:00	13.1623	-53.4215	200	5025	17.58	36.34	120	3.9	0.02	13.62	NA	0.77	NA	NA	NA	NA	NA	Summer	NATR	Trades - N. Atlantic Tropical Gyral Province (TRPG)
10	S0037	GA02	Station_33	A	2010-6-26T12:25:00	26	6	10	12:25:00	13.1623	-53.4215	200	5025	17.58	36.34	120	3.9	0.02	13.62	NA	0.77	NA	NA	NA	NA	NA	Winter	NATR	Trades - N. Atlantic Tropical Gyral Province (TRPG)
11	S0039	GA02	Station_35	A	2010-6-28T14:16:00	28	6	10	14:16:00	9.5462	-50.4686	9	4787	28.63	35.73	193.5	1.1	0.01	0.01	NA	0.01	NA	NA	NA	NA	NA	Summer	NATR	Trades - N. Atlantic Tropical Gyral Province (TRPG)
12	S0039	GA02	Station_35	A	2010-6-28T14:16:00	28	6	10	14:16:00	9.5462	-50.4686	9	4787	28.63	35.73	193.5	1.1	0.01	0.01	NA	0.01	NA	NA	NA	NA	NA	Winter	NATR	Trades - N. Atlantic Tropical Gyral Province (TRPG)
13	S0040	GA02	Station_35	A	2010-6-28T14:16:00	28	6	10	14:16:00	9.5462	-50.4686	72	4787	27.94	36.24	198	1.1	0.02	0.02	NA	0.01	NA	NA	NA	NA	NA	Summer	NATR	Trades - N. Atlantic Tropical Gyral Province (TRPG)
14	S0040	GA02	Station_35	A	2010-6-28T14:16:00	28	6	10	14:16:00	9.5462	-50.4686	72	4787	27.94	36.24	198	1.1	0.02	0.02	NA	0.01	NA	NA	NA	NA	NA	Winter	NATR	Trades - N. Atlantic Tropical Gyral Province (TRPG)
15	S0041	GA02	Station_35	A	2010-6-28T14:16:00	28	6	10	14:16:00	9.5462	-50.4686	100	4787	26.26	36.28	185.1	1.2	0.3	0.4	NA	0.03	NA	NA	NA	NA	NA	Summer	NATR	Trades - N. Atlantic Tropical Gyral Province (TRPG)
16	S0041	GA02	Station_35	A	2010-6-28T14:16:00	28	6	10	14:16:00	9.5462	-50.4686	100	4787	26.26	36.28	185.1	1.2	0.3	0.4	NA	0.03	NA	NA	NA	NA	NA	Winter	NATR	Trades - N. Atlantic Tropical Gyral Province (TRPG)
17	S0042	GA02	Station_35	A	2010-6-28T14:16:00	28	6	10	14:16:00	9.5462	-50.4686	151	4787	18.29	36.38	116.1	3.5	0.03	12.43	NA	0.7	NA	NA	NA	NA	NA	Summer	NATR	Trades - N. Atlantic Tropical Gyral Province (TRPG)
18	S0042	GA02	Station_35	A	2010-6-28T14:16:00	28	6	10	14:16:00	9.5462	-50.4686	151	4787	18.29	36.38	116.1	3.5	0.03	12.43	NA	0.7	NA	NA	NA	NA	NA	Winter	NATR	Trades - N. Atlantic Tropical Gyral Province (TRPG)
19	S0043	GA02	Station_35	A	2010-6-28T14:16:00	28	6	10	14:16:00	9.5462	-50.4686	201	4787	11.99	35.29	96.1	9.8	0.02	25.22	NA	1.56	NA	NA	NA	NA	NA	Summer	NATR	Trades - N. Atlantic Tropical Gyral Province (TRPG)
20	S0043	GA02	Station_35	A	2010-6-28T14:16:00	28	6	10	14:16:00	9.5462	-50.4686	201	4787	11.99	35.29	96.1	9.8	0.02	25.22	NA	1.56	NA	NA	NA	NA	NA	Winter	NATR	Trades - N. Atlantic Tropical Gyral Province (TRPG)
21	S0045	GA02	Station_31	A	2010-6-24T15:06:00	24	6	10	15:06:00	16.8312	-56.2685	76	5739	26.89	36.7	195.5	1.1	0.23	0.23	NA	0.01	NA	NA	NA	NA	NA	Summer	NATR	Trades - N. Atlantic Tropical Gyral Province (TRPG)
22	S0045	GA02	Station_31	A	2010-6-24T15:06:00	24	6	10	15:06:00	16.8312	-56.2685	76	5739	26.89	36.7	195.5	1.1	0.23	0.23	NA	0.01	NA	NA	NA	NA	NA	Winter	NATR	Trades - N. Atlantic Tropical Gyral Province (TRPG)
23	S0046	GA02	Station_31	A	2010-6-24T15:06:00	24	6	10	15:06:00	16.8312	-56.2685	101	5739	26.14	36.94	192.3	0.9	0.26	0.36	NA	0.01	NA	NA	NA	NA	NA	Summer	NATR	Trades - N. Atlantic Tropical Gyral Province (TRPG)
24	S0046	GA02	Station_31	A	2010-6-24T15:06:00	24	6	10	15:06:00	16.8312	-56.2685	101	5739	26.14	36.94	192.3	0.9	0.26	0.36	NA	0.01	NA	NA	NA	NA	NA	Winter	NATR	Trades - N. Atlantic Tropical Gyral Province (TRPG)
25	S0047	GA02	Station_31	A	2010-6-24T15:06:00	24	6	10	15:06:00	16.8312	-56.2685	150	5739	22.92	37.14	163.9	1	0.05	1.85	NA	0.08	NA	NA	NA	NA	NA	Summer	NATR	Trades - N. Atlantic Tropical Gyral Province (TRPG)
26	S0047	GA02	Station_31	A	2010-6-24T15:06:00	24	6	10	15:06:00	16.8312	-56.2685	150	5739	22.92	37.14	163.9	1	0.05	1.85	NA	0.08	NA	NA	NA	NA	NA	Winter	NATR	Trades - N. Atlantic Tropical Gyral Province (TRPG)
27	S0048	GA02	Station_31	A	2010-6-24T15:06:00	24	6	10	15:06:00	16.8312	-56.2685	201	5739	20.15	36.9	155.2	1.4	0.02	5.52	NA	0.25	NA	NA	NA	NA	NA	Summer	NATR	Trades - N. Atlantic Tropical Gyral Province (TRPG)
28	S0048	GA02	Station_31	A	2010-6-24T15:06:00	24	6	10	15:06:00	16.8312	-56.2685	201	5739	20.15	36.9	155.2	1.4	0.02	5.52	NA	0.25	NA	NA	NA	NA	NA	Winter	NATR	Trades - N. Atlantic Tropical Gyral Province (TRPG)
29	S0149	GA02	Station_25	A	2010-6-17T19:56:00	17	6	10	19:56:00	24.7143	-67.0726	119	5573	21.3	36.83	204.9	0.7	0.03	0.03	NA	0.01	NA	NA	NA	NA	NA	Summer	NATR	Trades - N. Atlantic Tropical Gyral Province (TRPG)
30	S0149	GA02	Station_25	A	2010-6-17T19:56:00	17	6	10	19:56:00	24.7143	-67.0726	119	5573	21.3	36.83	204.9	0.7	0.03	0.03	NA	0.01	NA	NA	NA	NA	NA	Winter	NATR	Trades - N. Atlantic Tropical Gyral Province (TRPG)
31	S0150	GA02	Station_25	A	2010-6-17T19:56:00	17	6	10	19:56:00	24.7143	-67.0726	152	5573	20.04	36.71	212.4	0.7	0.25	0.35	NA	0.02	NA	NA	NA	NA	NA	Summer	NATR	Trades - N. Atlantic Tropical Gyral Province (TRPG)
32	S0150	GA02	Station_25	A	2010-6-17T19:56:00	17	6	10	19:56:00	24.7143	-67.0726	152	5573	20.04	36.71	212.4	0.7	0.25	0.35	NA	0.02	NA	NA	NA	NA	NA	Winter	NATR	Trades - N. Atlantic Tropical Gyral Province (TRPG)
33	S0151	GA02	Station_25	A	2010-6-17T19:56:00	17	6	10	19:56:00	24.7143	-67.0726	202	5573	18.96	36.62	198.3	1	0.02	2.42	NA	0.08	NA	NA	NA	NA	NA	Summer	NATR	Trades - N. Atlantic Tropical Gyral Province (TRPG)
34	S0151	GA02	Station_25	A	2010-6-17T19:56:00	17	6	10	19:56:00	24.7143	-67.0726	202	5573	18.96	36.62	198.3	1	0.02	2.42	NA	0.08	NA	NA	NA	NA	NA	Winter	NATR	Trades - N. Atlantic Tropical Gyral Province (TRPG)
35	S0154	GA02	Station_27	A	2010-6-19T21:44:00	19	6	10	21:44:00	22.3411	-63.5833	100	5807	22.3	36.9	210.3	0.7	0.01	0.01	NA	0.01	NA	NA	NA	NA	NA	Summer	NATR	Trades - N. Atlantic Tropical Gyral Province (TRPG)
36	S0154	GA02	Station_27	A	2010-6-19T21:44:00	19	6	10	21:44:00	22.3411	-63.5833	100	5807	22.3	36.9	210.3	0.7	0.01	0.01	NA	0.01	NA	NA	NA	NA	NA	Winter	NATR	Trades - N. Atlantic Tropical Gyral Province (TRPG)
37	S0155	GA02	Station_27	A	2010-6-19T21:44:00	19	6	10	21:44:00	22.3411	-63.5833	127	5807	21.31	36.97	178.8	0.8	0.11	1.01	NA	0.03	NA	NA	NA	NA	NA	Summer	NATR	Trades - N. Atlantic Tropical Gyral Province (TRPG)
38	S0155	GA02	Station_27	A	2010-6-19T21:44:00	19	6	10	21:44:00	22.3411	-63.5833	127	5807	21.31	36.97	178.8	0.8	0.11	1.01	NA	0.03	NA	NA	NA	NA	NA	Winter	NATR	Trades - N. Atlantic Tropical Gyral Province (TRPG)
39	S0156	GA02	Station_27	A	2010-6-19T21:44:00	19	6	10	21:44:00	22.3411	-63.5833	200	5807	19.06	36.65	189	1.1	0.02	2.82	NA	0.1	NA	NA	NA	NA	NA	Summer	NATR	Trades - N. Atlantic Tropical Gyral Province (TRPG)
40	S0156	GA02	Station_27	A	2010-6-19T21:44:00	19	6	10	21:44:00	22.3411	-63.5833	200	5807	19.06	36.65	189	1.1	0.02	2.82	NA	0.1	NA	NA	NA	NA	NA	Winter	NATR	Trades - N. Atlantic Tropical Gyral Province (TRPG)
41	S0157	GA02	Station_11	A	2010-5-11T13:26:00	11	5	10	13:26:00	-47.8007	-39.399	9	4570	15.21	35.6	259.5	0	0.2	0.24	NA	0.03	NA	NA	NA	NA	NA	Summer	SANT	Westerlies - Subantarctic Province
42	S0157	GA02	Station_11	A	2010-5-11T13:26:00	11	5	10	13:26:00	-47.8007	-39.399	9	4570	15.21	35.6	259.5	0	0.2	0.24	NA	0.03	NA	NA	NA	NA	NA	Autumn	SANT	Westerlies - Subantarctic Province
43	S0158	GA02	Station_11	A	2010-5-11T13:26:00	11	5	10	13:26:00	-47.8007	-39.399	50	4570	15.07	36.03	219.9	1.7	3.7	3.99	NA	0.25	NA	NA	NA	NA	NA	Summer	SANT	Westerlies - Subantarctic Province
44	S0158	GA02	Station_11	A	2010-5-11T13:26:00	11	5	10	13:26:00	-47.8007	-39.399	50	4570	15.07	36.03	219.9	1.7	3.7	3.99	NA	0.25	NA	NA	NA	NA	NA	Autumn	SANT	Westerlies - Subantarctic Province
45	S0159	GA02	Station_11	A	2010-5-11T13:26:00	11	5	10	13:26:00	-47.8007	-39.399	75	4570	15.06	36.06	223.3	2.1	0.38	5.38	NA	0.3	NA	NA	NA	NA	NA	Summer	SANT	Westerlies - Subantarctic Province
46	S0159	GA02	Station_11	A	2010-5-11T13:26:00	11	5	10	13:26:00	-47.8007	-39.399	75	4570	15.06	36.06	223.3	2.1	0.38	5.38	NA	0.3	NA	NA	NA	NA	NA	Autumn	SANT	Westerlies - Subantarctic Province
47	S0161	GA02	Station_11	A	2010-5-11T13:26:00	11	5	10	13:26:00	-47.8007	-39.399	152	4570	14.49	36	220.6	2.7	0.21	6.91	NA	0.4	NA	NA	NA	NA	NA	Summer	SANT	Westerlies - Subantarctic Province
48	S0161	GA02	Station_11	A	2010-5-11T13:26:00	11	5	10	13:26:00	-47.8007	-39.399	152	4570	14.49	36	220.6	2.7	0.21	6.91	NA	0.4	NA	NA	NA	NA	NA	Autumn	SANT	Westerlies - Subantarctic Province
49	S0164	GA02	Station_21	A	2010-6-13T00:53:00	13	6	10	00:53:00	31.6667	-64.167	75	4560	18.72	36.61	223.4	0.5	0.07	0.27	NA	0.01	NA	NA	NA	NA	NA	Summer	NASW	Westerlies - N. Atlantic Subtropical Gyral Province (West) (STGW)
50	S0164	GA02	Station_21	A	2010-6-13T00:53:00	13	6	10	00:53:00	31.6667	-64.167	75	4560	18.72	36.61	223.4	0.5	0.07	0.27	NA	0.01	NA	NA	NA	NA	NA	Winter	NASW	Westerlies - N. Atlantic Subtropical Gyral Province (West) (STGW)
51	S0165	GA02	Station_21	A	2010-6-13T00:53:00	13	6	10	00:53:00	31.6667	-64.167	100	4560	18.47	36.61	205.3	0.8	0.08	2.08	NA	0.1	NA	NA	NA	NA	NA	Summer	NASW	Westerlies - N. Atlantic Subtropical Gyral Province (West) (STGW)
52	S0165	GA02	Station_21	A	2010-6-13T00:53:00	13	6	10	00:53:00	31.6667	-64.167	100	4560	18.47	36.61	205.3	0.8	0.08	2.08	NA	0.1	NA	NA	NA	NA	NA	Winter	NASW	Westerlies - N. Atlantic Subtropical Gyral Province (West) (STGW)
53	S0166	GA02	Station_21	A	2010-6-13T00:53:00	13	6	10	00:53:00	31.6667	-64.167	150	4560	18.29	36.59	213.5	0.9	0.05	2.45	NA	0.1	NA	NA	NA	NA	NA	Summer	NASW	Westerlies - N. Atlantic Subtropical Gyral Province (West) (STGW)
54	S0166	GA02	Station_21	A	2010-6-13T00:53:00	13	6	10	00:53:00	31.6667	-64.167	150	4560	18.29	36.59	213.5	0.9	0.05	2.45	NA	0.1	NA	NA	NA	NA	NA	Winter	NASW	Westerlies - N. Atlantic Subtropical Gyral Province (West) (STGW)
55	S0167	GA02	Station_21	A	2010-6-13T00:53:00	13	6	10	00:53:00	31.6667	-64.167	202	4560	18.13	36.57	198.4	1.1	0.01	3.01	NA	0.16	NA	NA	NA	NA	NA	Summer	NASW	Westerlies - N. Atlantic Subtropical Gyral Province (West) (STGW)
56	S0167	GA02	Station_21	A	2010-6-13T00:53:00	13	6	10	00:53:00	31.6667	-64.167	202	4560	18.13	36.57	198.4	1.1	0.01	3.01	NA	0.16	NA	NA	NA	NA	NA	Winter	NASW	Westerlies - N. Atlantic Subtropical Gyral Province (West) (STGW)
57	S0168	GA02	Station_23	A	2010-6-16T00:22:00	16	6	10	00:22:00	28.0905	-67.5015	8	4920	26.88	36.76	201.4	0.8	0.01	0.11	NA	0.02	NA	NA	NA	NA	NA	Summer	NASW	Westerlies - N. Atlantic Subtropical Gyral Province (West) (STGW)
58	S0168	GA02	Station_23	A	2010-6-16T00:22:00	16	6	10	00:22:00	28.0905	-67.5015	8	4920	26.88	36.76	201.4	0.8	0.01	0.11	NA	0.02	NA	NA	NA	NA	NA	Winter	NASW	Westerlies - N. Atlantic Subtropical Gyral Province (West) (STGW)
59	S0169	GA02	Station_23	A	2010-6-16T00:22:00	16	6	10	00:22:00	28.0905	-67.5015	76	4920	22.28	36.85	214.6	0.7	0.01	0.11	NA	0.04	NA	NA	NA	NA	NA	Summer	NASW	Westerlies - N. Atlantic Subtropical Gyral Province (West) (STGW)
60	S0169	GA02	Station_23	A	2010-6-16T00:22:00	16	6	10	00:22:00	28.0905	-67.5015	76	4920	22.28	36.85	214.6	0.7	0.01	0.11	NA	0.04	NA	NA	NA	NA	NA	Winter	NASW	Westerlies - N. Atlantic Subtropical Gyral Province (West) (STGW)
61	S0171	GA02	Station_23	A	2010-6-16T00:22:00	16	6	10	00:22:00	28.0905	-67.5015	150	4920	20.3	36.74	199.4	0.7	0.04	0.94	NA	0.03	NA	NA	NA	NA	NA	Summer	NASW	Westerlies - N. Atlantic Subtropical Gyral Province (West) (STGW)
62	S0171	GA02	Station_23	A	2010-6-16T00:22:00	16	6	10	00:22:00	28.0905	-67.5015	150	4920	20.3	36.74	199.4	0.7	0.04	0.94	NA	0.03	NA	NA	NA	NA	NA	Winter	NASW	Westerlies - N. Atlantic Subtropical Gyral Province (West) (STGW)
63	S0172	GA02	Station_23	A	2010-6-16T00:22:00	16	6	10	00:22:00	28.0905	-67.5015	200	4920	19.33	36.67	191.9	0.9	0.02	2.22	NA	0.08	NA	NA	NA	NA	NA	Summer	NASW	Westerlies - N. Atlantic Subtropical Gyral Province (West) (STGW)
64	S0172	GA02	Station_23	A	2010-6-16T00:22:00	16	6	10	00:22:00	28.0905	-67.5015	200	4920	19.33	36.67	191.9	0.9	0.02	2.22	NA	0.08	NA	NA	NA	NA	NA	Winter	NASW	Westerlies - N. Atlantic Subtropical Gyral Province (West) (STGW)
65	S0177	GA02	Station_8	A	2011-3-13T13:43:00	13	3	11	13:43:00	-35.0093	-39.431	49	4850	21.95	35.73	220.8	0.5	0.02	0.02	NA	0.01	NA	NA	NA	NA	NA	Summer	SATL	Trades - South Atlantic Gyral Province (SATG)
66	S0177	GA02	Station_8	A	2011-3-13T13:43:00	13	3	11	13:43:00	-35.0093	-39.431	49	4850	21.95	35.73	220.8	0.5	0.02	0.02	NA	0.01	NA	NA	NA	NA	NA	Autumn	SATL	Trades - South Atlantic Gyral Province (SATG)
67	S0178	GA02	Station_8	A	2011-3-13T13:43:00	13	3	11	13:43:00	-35.0093	-39.431	151	4850	16.33	35.8	223.8	0.7	0.04	2.04	NA	0.22	NA	NA	NA	NA	NA	Summer	SATL	Trades - South Atlantic Gyral Province (SATG)
68	S0178	GA02	Station_8	A	2011-3-13T13:43:00	13	3	11	13:43:00	-35.0093	-39.431	151	4850	16.33	35.8	223.8	0.7	0.04	2.04	NA	0.22	NA	NA	NA	NA	NA	Autumn	SATL	Trades - South Atlantic Gyral Province (SATG)
69	S0179	GA02	Station_9	A	2011-3-14T18:45:00	14	3	11	18:45:00	-32.092	-37.4563	10	4133	23.87	35.97	209.5	0.43	0	0	NA	0	NA	NA	NA	NA	NA	Summer	SATL	Trades - South Atlantic Gyral Province (SATG)
70	S0179	GA02	Station_9	A	2011-3-14T18:45:00	14	3	11	18:45:00	-32.092	-37.4563	10	4133	23.87	35.97	209.5	0.43	0	0	NA	0	NA	NA	NA	NA	NA	Autumn	SATL	Trades - South Atlantic Gyral Province (SATG)
71	S0180	GA02	Station_9	A	2011-3-14T18:45:00	14	3	11	18:45:00	-32.092	-37.4563	149	4133	16.16	35.72	213.1	1.31	0.02	3.68	NA	0.33	NA	NA	NA	NA	NA	Summer	SATL	Trades - South Atlantic Gyral Province (SATG)
72	S0180	GA02	Station_9	A	2011-3-14T18:45:00	14	3	11	18:45:00	-32.092	-37.4563	149	4133	16.16	35.72	213.1	1.31	0.02	3.68	NA	0.33	NA	NA	NA	NA	NA	Autumn	SATL	Trades - South Atlantic Gyral Province (SATG)
73	S0181	GA02	Station_10	A	2011-3-15T23:40:00	15	3	11	23:40:00	-29.0538	-35.8078	11	4403	10.55	34.71	270.9	1	0.06	0.26	NA	0.12	NA	NA	NA	NA	NA	Summer	SATL	Trades - South Atlantic Gyral Province (SATG)
74	S0181	GA02	Station_10	A	2011-3-15T23:40:00	15	3	11	23:40:00	-29.0538	-35.8078	11	4403	10.55	34.71	270.9	1	0.06	0.26	NA	0.12	NA	NA	NA	NA	NA	Autumn	SATL	Trades - South Atlantic Gyral Province (SATG)
75	S0182	GA02	Station_10	A	2011-3-15T23:40:00	15	3	11	23:40:00	-29.0538	-35.8078	50	4403	11.37	35.2	252.7	1.2	0.19	3.49	NA	0.32	NA	NA	NA	NA	NA	Summer	SATL	Trades - South Atlantic Gyral Province (SATG)
76	S0182	GA02	Station_10	A	2011-3-15T23:40:00	15	3	11	23:40:00	-29.0538	-35.8078	50	4403	11.37	35.2	252.7	1.2	0.19	3.49	NA	0.32	NA	NA	NA	NA	NA	Autumn	SATL	Trades - South Atlantic Gyral Province (SATG)
77	S0183	GA02	Station_10	A	2011-3-15T23:40:00	15	3	11	23:40:00	-29.0538	-35.8078	150	4403	10.75	35.32	210.6	5.4	0.05	11.75	NA	0.74	NA	NA	NA	NA	NA	Summer	SATL	Trades - South Atlantic Gyral Province (SATG)
78	S0183	GA02	Station_10	A	2011-3-15T23:40:00	15	3	11	23:40:00	-29.0538	-35.8078	150	4403	10.75	35.32	210.6	5.4	0.05	11.75	NA	0.74	NA	NA	NA	NA	NA	Autumn	SATL	Trades - South Atlantic Gyral Province (SATG)
79	S0184	GA02	Station_11	A	2011-3-17T00:34:00	17	3	11	00:34:00	-26.0867	-34.2585	10	4575	25.91	36.53	199.8	0.28	0.03	0.03	NA	0.03	NA	NA	NA	NA	NA	Summer	SATL	Trades - South Atlantic Gyral Province (SATG)
80	S0184	GA02	Station_11	A	2011-3-17T00:34:00	17	3	11	00:34:00	-26.0867	-34.2585	10	4575	25.91	36.53	199.8	0.28	0.03	0.03	NA	0.03	NA	NA	NA	NA	NA	Autumn	SATL	Trades - South Atlantic Gyral Province (SATG)
81	S0185	GA02	Station_11	A	2011-3-17T00:34:00	17	3	11	00:34:00	-26.0867	-34.2585	50	4575	23.05	36.74	230.2	0.67	0.03	0.03	NA	0.02	NA	NA	NA	NA	NA	Summer	SATL	Trades - South Atlantic Gyral Province (SATG)
82	S0185	GA02	Station_11	A	2011-3-17T00:34:00	17	3	11	00:34:00	-26.0867	-34.2585	50	4575	23.05	36.74	230.2	0.67	0.03	0.03	NA	0.02	NA	NA	NA	NA	NA	Autumn	SATL	Trades - South Atlantic Gyral Province (SATG)
83	S0186	GA02	Station_11	A	2011-3-17T00:34:00	17	3	11	00:34:00	-26.0867	-34.2585	151	4575	20.14	36.39	208.6	0.85	0.05	0.55	NA	0.12	NA	NA	NA	NA	NA	Summer	SATL	Trades - South Atlantic Gyral Province (SATG)
84	S0186	GA02	Station_11	A	2011-3-17T00:34:00	17	3	11	00:34:00	-26.0867	-34.2585	151	4575	20.14	36.39	208.6	0.85	0.05	0.55	NA	0.12	NA	NA	NA	NA	NA	Autumn	SATL	Trades - South Atlantic Gyral Province (SATG)
85	S0187	GA02	Station_12	A	2011-3-18T14:16:00	18	3	11	14:16:00	-22.4732	-32.7487	9	4527	26.38	36.47	201.6	0.41	0.01	0.01	NA	0.03	NA	NA	NA	NA	NA	Summer	SATL	Trades - South Atlantic Gyral Province (SATG)
86	S0187	GA02	Station_12	A	2011-3-18T14:16:00	18	3	11	14:16:00	-22.4732	-32.7487	9	4527	26.38	36.47	201.6	0.41	0.01	0.01	NA	0.03	NA	NA	NA	NA	NA	Autumn	SATL	Trades - South Atlantic Gyral Province (SATG)
87	S0188	GA02	Station_12	A	2011-3-18T14:16:00	18	3	11	14:16:00	-22.4732	-32.7487	49	4527	24.71	36.6	223.7	0.72	0.01	0.01	NA	0.02	NA	NA	NA	NA	NA	Summer	SATL	Trades - South Atlantic Gyral Province (SATG)
88	S0188	GA02	Station_12	A	2011-3-18T14:16:00	18	3	11	14:16:00	-22.4732	-32.7487	49	4527	24.71	36.6	223.7	0.72	0.01	0.01	NA	0.02	NA	NA	NA	NA	NA	Autumn	SATL	Trades - South Atlantic Gyral Province (SATG)
89	S0189	GA02	Station_12	A	2011-3-18T14:16:00	18	3	11	14:16:00	-22.4732	-32.7487	150	4527	19.51	36.25	213.7	0.94	0.04	0.52	NA	0.11	NA	NA	NA	NA	NA	Summer	SATL	Trades - South Atlantic Gyral Province (SATG)
90	S0189	GA02	Station_12	A	2011-3-18T14:16:00	18	3	11	14:16:00	-22.4732	-32.7487	150	4527	19.51	36.25	213.7	0.94	0.04	0.52	NA	0.11	NA	NA	NA	NA	NA	Autumn	SATL	Trades - South Atlantic Gyral Province (SATG)
91	S0190	GA02	Station_13	A	2011-3-20T14:54:00	20	3	11	14:54:00	-17.0173	-30.6052	49	4911	27.64	37.48	200.7	0.56	0	0	NA	0.04	NA	NA	NA	NA	NA	Summer	SATL	Trades - South Atlantic Gyral Province (SATG)
92	S0190	GA02	Station_13	A	2011-3-20T14:54:00	20	3	11	14:54:00	-17.0173	-30.6052	49	4911	27.64	37.48	200.7	0.56	0	0	NA	0.04	NA	NA	NA	NA	NA	Autumn	SATL	Trades - South Atlantic Gyral Province (SATG)
93	S0191	GA02	Station_14	A	2011-3-22T01:00:00	22	3	11	01:00:00	-12.8957	-29.2335	10	5407	28.11	37.01	195.3	0.48	0.02	0.02	NA	0.09	NA	NA	NA	NA	NA	Summer	SATL	Trades - South Atlantic Gyral Province (SATG)
94	S0191	GA02	Station_14	A	2011-3-22T01:00:00	22	3	11	01:00:00	-12.8957	-29.2335	10	5407	28.11	37.01	195.3	0.48	0.02	0.02	NA	0.09	NA	NA	NA	NA	NA	Autumn	SATL	Trades - South Atlantic Gyral Province (SATG)
95	S0192	GA02	Station_14	A	2011-3-22T01:00:00	22	3	11	01:00:00	-12.8957	-29.2335	49	5407	27.27	37.22	200.6	0.45	0.02	0.02	NA	0.1	NA	NA	NA	NA	NA	Summer	SATL	Trades - South Atlantic Gyral Province (SATG)
96	S0192	GA02	Station_14	A	2011-3-22T01:00:00	22	3	11	01:00:00	-12.8957	-29.2335	49	5407	27.27	37.22	200.6	0.45	0.02	0.02	NA	0.1	NA	NA	NA	NA	NA	Autumn	SATL	Trades - South Atlantic Gyral Province (SATG)
97	S0193	GA02	Station_14	A	2011-3-22T01:00:00	22	3	11	01:00:00	-12.8957	-29.2335	149	5407	22.82	36.9	201.8	0.69	0.04	0.04	NA	0.18	NA	NA	NA	NA	NA	Summer	SATL	Trades - South Atlantic Gyral Province (SATG)
98	S0193	GA02	Station_14	A	2011-3-22T01:00:00	22	3	11	01:00:00	-12.8957	-29.2335	149	5407	22.82	36.9	201.8	0.69	0.04	0.04	NA	0.18	NA	NA	NA	NA	NA	Autumn	SATL	Trades - South Atlantic Gyral Province (SATG)
99	S0195	GA02	Station_13	A	2011-3-20T14:54:00	20	3	11	14:54:00	-17.0173	-30.6052	143	4911	22.14	36.75	196.4	0.85	0.12	0.48	NA	0.2	NA	NA	NA	NA	NA	Summer	SATL	Trades - South Atlantic Gyral Province (SATG)
100	S0195	GA02	Station_13	A	2011-3-20T14:54:00	20	3	11	14:54:00	-17.0173	-30.6052	143	4911	22.14	36.75	196.4	0.85	0.12	0.48	NA	0.2	NA	NA	NA	NA	NA	Autumn	SATL	Trades - South Atlantic Gyral Province (SATG)
101	S0197	GA02	Station_15	A	2011-3-23T11:11:00	23	3	11	11:11:00	-9.1608	-28.0012	50	5628	28.09	36.82	198.5	0.26	0.01	0.01	NA	0.06	NA	NA	NA	NA	NA	Summer	SATL	Trades - South Atlantic Gyral Province (SATG)
102	S0197	GA02	Station_15	A	2011-3-23T11:11:00	23	3	11	11:11:00	-9.1608	-28.0012	50	5628	28.09	36.82	198.5	0.26	0.01	0.01	NA	0.06	NA	NA	NA	NA	NA	Autumn	SATL	Trades - South Atlantic Gyral Province (SATG)
103	S0198	GA02	Station_15	A	2011-3-23T11:11:00	23	3	11	11:11:00	-9.1608	-28.0012	135	5628	21.68	36.53	189.2	0.57	0.11	0.79	NA	0.27	NA	NA	NA	NA	NA	Summer	SATL	Trades - South Atlantic Gyral Province (SATG)
104	S0198	GA02	Station_15	A	2011-3-23T11:11:00	23	3	11	11:11:00	-9.1608	-28.0012	135	5628	21.68	36.53	189.2	0.57	0.11	0.79	NA	0.27	NA	NA	NA	NA	NA	Autumn	SATL	Trades - South Atlantic Gyral Province (SATG)
105	S0199	GA02	Station_16	A	2011-3-24T12:54:00	24	3	11	12:54:00	-5.6667	-28.4572	10	5549	28.88	36.28	191.1	0.36	0.02	0.02	NA	0.08	NA	NA	NA	NA	NA	Summer	WTRA	Trades - Western Tropical Atlantic Province
106	S0199	GA02	Station_16	A	2011-3-24T12:54:00	24	3	11	12:54:00	-5.6667	-28.4572	10	5549	28.88	36.28	191.1	0.36	0.02	0.02	NA	0.08	NA	NA	NA	NA	NA	Autumn	WTRA	Trades - Western Tropical Atlantic Province
107	S0200	GA02	Station_16	A	2011-3-24T12:54:00	24	3	11	12:54:00	-5.6667	-28.4572	50	5549	28.67	36.44	195.4	0.2	0.02	0.02	NA	0.09	NA	NA	NA	NA	NA	Summer	WTRA	Trades - Western Tropical Atlantic Province
108	S0200	GA02	Station_16	A	2011-3-24T12:54:00	24	3	11	12:54:00	-5.6667	-28.4572	50	5549	28.67	36.44	195.4	0.2	0.02	0.02	NA	0.09	NA	NA	NA	NA	NA	Autumn	WTRA	Trades - Western Tropical Atlantic Province
109	S0201	GA02	Station_16	A	2011-3-24T12:54:00	24	3	11	12:54:00	-5.6667	-28.4572	149	5549	16.23	35.72	108.4	4.89	0.06	17.77	NA	1.19	NA	NA	NA	NA	NA	Summer	WTRA	Trades - Western Tropical Atlantic Province
110	S0201	GA02	Station_16	A	2011-3-24T12:54:00	24	3	11	12:54:00	-5.6667	-28.4572	149	5549	16.23	35.72	108.4	4.89	0.06	17.77	NA	1.19	NA	NA	NA	NA	NA	Autumn	WTRA	Trades - Western Tropical Atlantic Province
111	S0202	GA02	Station_17	A	2011-3-25T21:08:00	25	3	11	21:08:00	-2.6505	-28.9172	10	4908	29	35.69	194.4	0.16	0.01	0.01	NA	0.03	NA	NA	NA	NA	NA	Summer	WTRA	Trades - Western Tropical Atlantic Province
112	S0202	GA02	Station_17	A	2011-3-25T21:08:00	25	3	11	21:08:00	-2.6505	-28.9172	10	4908	29	35.69	194.4	0.16	0.01	0.01	NA	0.03	NA	NA	NA	NA	NA	Autumn	WTRA	Trades - Western Tropical Atlantic Province
113	S0203	GA02	Station_17	A	2011-3-25T21:08:00	25	3	11	21:08:00	-2.6505	-28.9172	65	4908	21.08	35.95	159	2.45	0.26	6.01	NA	0.59	NA	NA	NA	NA	NA	Summer	WTRA	Trades - Western Tropical Atlantic Province
114	S0203	GA02	Station_17	A	2011-3-25T21:08:00	25	3	11	21:08:00	-2.6505	-28.9172	65	4908	21.08	35.95	159	2.45	0.26	6.01	NA	0.59	NA	NA	NA	NA	NA	Autumn	WTRA	Trades - Western Tropical Atlantic Province
115	S0204	GA02	Station_17	A	2011-3-25T21:08:00	25	3	11	21:08:00	-2.6505	-28.9172	149	4908	13.46	35.33	124	6.89	0.02	20	NA	1.31	NA	NA	NA	NA	NA	Summer	WTRA	Trades - Western Tropical Atlantic Province
116	S0204	GA02	Station_17	A	2011-3-25T21:08:00	25	3	11	21:08:00	-2.6505	-28.9172	149	4908	13.46	35.33	124	6.89	0.02	20	NA	1.31	NA	NA	NA	NA	NA	Autumn	WTRA	Trades - Western Tropical Atlantic Province
117	S0205	GA02	Station_18	A	2011-3-27T13:11:00	27	3	11	13:11:00	0.1915	-32.8745	9	4354	28.53	35.71	197.1	0.46	0	0	NA	0.02	NA	NA	NA	NA	NA	Spring	WTRA	Trades - Western Tropical Atlantic Province
118	S0205	GA02	Station_18	A	2011-3-27T13:11:00	27	3	11	13:11:00	0.1915	-32.8745	9	4354	28.53	35.71	197.1	0.46	0	0	NA	0.02	NA	NA	NA	NA	NA	Winter	WTRA	Trades - Western Tropical Atlantic Province
119	S0206	GA02	Station_18	A	2011-3-27T13:11:00	27	3	11	13:11:00	0.1915	-32.8745	61	4354	25.82	36.5	194.3	0.48	0.06	0.06	NA	0.12	NA	NA	NA	NA	NA	Spring	WTRA	Trades - Western Tropical Atlantic Province
120	S0206	GA02	Station_18	A	2011-3-27T13:11:00	27	3	11	13:11:00	0.1915	-32.8745	61	4354	25.82	36.5	194.3	0.48	0.06	0.06	NA	0.12	NA	NA	NA	NA	NA	Winter	WTRA	Trades - Western Tropical Atlantic Province
121	S0207	GA02	Station_18	A	2011-3-27T13:11:00	27	3	11	13:11:00	0.1915	-32.8745	150	4354	14.1	35.4	161.1	5.07	0.02	14.29	NA	0.99	NA	NA	NA	NA	NA	Spring	WTRA	Trades - Western Tropical Atlantic Province
122	S0207	GA02	Station_18	A	2011-3-27T13:11:00	27	3	11	13:11:00	0.1915	-32.8745	150	4354	14.1	35.4	161.1	5.07	0.02	14.29	NA	0.99	NA	NA	NA	NA	NA	Winter	WTRA	Trades - Western Tropical Atlantic Province
123	S0209	GA02	Station_1	A	2011-3-5T20:56:00	5	3	11	20:56:00	-49.5475	-52.6885	10	2322	10	33.98	287.1	0	0.17	13.13	NA	1.01	NA	NA	NA	NA	NA	Summer	FKLD	Coastal - SW Atlantic Shelves Province
124	S0209	GA02	Station_1	A	2011-3-5T20:56:00	5	3	11	20:56:00	-49.5475	-52.6885	10	2322	10	33.98	287.1	0	0.17	13.13	NA	1.01	NA	NA	NA	NA	NA	Autumn	FKLD	Coastal - SW Atlantic Shelves Province
125	S0211	GA02	Station_2	A	2011-3-6T19:40:00	6	3	11	19:40:00	-48.9358	-48.7933	11	5900	11.27	34.07	280.6	0	0.16	11.78	NA	0.91	NA	NA	NA	NA	NA	Summer	SANT	Westerlies - Subantarctic Province
126	S0211	GA02	Station_2	A	2011-3-6T19:40:00	6	3	11	19:40:00	-48.9358	-48.7933	11	5900	11.27	34.07	280.6	0	0.16	11.78	NA	0.91	NA	NA	NA	NA	NA	Autumn	SANT	Westerlies - Subantarctic Province
127	S0212	GA02	Station_2	A	2011-3-6T19:40:00	6	3	11	19:40:00	-48.9358	-48.7933	51	5900	8.25	33.97	293.3	0.25	0.17	15.72	NA	1.18	NA	NA	NA	NA	NA	Summer	SANT	Westerlies - Subantarctic Province
128	S0212	GA02	Station_2	A	2011-3-6T19:40:00	6	3	11	19:40:00	-48.9358	-48.7933	51	5900	8.25	33.97	293.3	0.25	0.17	15.72	NA	1.18	NA	NA	NA	NA	NA	Autumn	SANT	Westerlies - Subantarctic Province
129	S0213	GA02	Station_2	A	2011-3-6T19:40:00	6	3	11	19:40:00	-48.9358	-48.7933	150	5900	3.88	34.04	296.1	10.47	0.05	25.84	NA	1.77	NA	NA	NA	NA	NA	Summer	SANT	Westerlies - Subantarctic Province
130	S0213	GA02	Station_2	A	2011-3-6T19:40:00	6	3	11	19:40:00	-48.9358	-48.7933	150	5900	3.88	34.04	296.1	10.47	0.05	25.84	NA	1.77	NA	NA	NA	NA	NA	Autumn	SANT	Westerlies - Subantarctic Province
131	S0214	GA02	Station_3	A	2011-3-8T03:21:00	8	3	11	03:21:00	-46.907	-47.179	10	5733	17.17	34.62	242.6	0.28	0.04	0.06	NA	0.18	NA	NA	NA	NA	NA	Summer	SANT	Westerlies - Subantarctic Province
132	S0214	GA02	Station_3	A	2011-3-8T03:21:00	8	3	11	03:21:00	-46.907	-47.179	10	5733	17.17	34.62	242.6	0.28	0.04	0.06	NA	0.18	NA	NA	NA	NA	NA	Autumn	SANT	Westerlies - Subantarctic Province
133	S0215	GA02	Station_3	A	2011-3-8T03:21:00	8	3	11	03:21:00	-46.907	-47.179	51	5733	14.84	35.44	214.1	1.88	0.05	5.95	NA	0.52	NA	NA	NA	NA	NA	Summer	SANT	Westerlies - Subantarctic Province
134	S0215	GA02	Station_3	A	2011-3-8T03:21:00	8	3	11	03:21:00	-46.907	-47.179	51	5733	14.84	35.44	214.1	1.88	0.05	5.95	NA	0.52	NA	NA	NA	NA	NA	Autumn	SANT	Westerlies - Subantarctic Province
135	S0216	GA02	Station_3	A	2011-3-8T03:21:00	8	3	11	03:21:00	-46.907	-47.179	151	5733	12.61	35.21	223.4	2.71	0.02	9.91	NA	0.74	NA	NA	NA	NA	NA	Summer	SANT	Westerlies - Subantarctic Province
136	S0216	GA02	Station_3	A	2011-3-8T03:21:00	8	3	11	03:21:00	-46.907	-47.179	151	5733	12.61	35.21	223.4	2.71	0.02	9.91	NA	0.74	NA	NA	NA	NA	NA	Autumn	SANT	Westerlies - Subantarctic Province
137	S0217	GA02	Station_4	A	2011-3-9T03:22:00	9	3	11	03:22:00	-44.7117	-45.5265	10	5063	16.97	34.53	247.6	0	0	0	NA	0.2	NA	NA	NA	NA	NA	Summer	SSTC	Westerlies - S. Subtropical Convergence Province
138	S0217	GA02	Station_4	A	2011-3-9T03:22:00	9	3	11	03:22:00	-44.7117	-45.5265	10	5063	16.97	34.53	247.6	0	0	0	NA	0.2	NA	NA	NA	NA	NA	Autumn	SSTC	Westerlies - S. Subtropical Convergence Province
139	S0218	GA02	Station_4	A	2011-3-9T03:22:00	9	3	11	03:22:00	-44.7117	-45.5265	51	5063	13.88	34.54	244.1	0	0.33	3.47	NA	0.51	NA	NA	NA	NA	NA	Summer	SSTC	Westerlies - S. Subtropical Convergence Province
140	S0218	GA02	Station_4	A	2011-3-9T03:22:00	9	3	11	03:22:00	-44.7117	-45.5265	51	5063	13.88	34.54	244.1	0	0.33	3.47	NA	0.51	NA	NA	NA	NA	NA	Autumn	SSTC	Westerlies - S. Subtropical Convergence Province
141	S0219	GA02	Station_4	A	2011-3-9T03:22:00	9	3	11	03:22:00	-44.7117	-45.5265	149	5063	8.31	34.54	258.6	3.68	0.02	16.11	NA	1.17	NA	NA	NA	NA	NA	Summer	SSTC	Westerlies - S. Subtropical Convergence Province
142	S0219	GA02	Station_4	A	2011-3-9T03:22:00	9	3	11	03:22:00	-44.7117	-45.5265	149	5063	8.31	34.54	258.6	3.68	0.02	16.11	NA	1.17	NA	NA	NA	NA	NA	Autumn	SSTC	Westerlies - S. Subtropical Convergence Province
143	S0220	GA02	Station_5	A	2011-3-10T02:43:00	10	3	11	02:43:00	-42.364	-44.0318	10	5159	17.21	34.58	251.8	0	0.02	0.02	NA	0.21	NA	NA	NA	NA	NA	Summer	SSTC	Westerlies - S. Subtropical Convergence Province
144	S0220	GA02	Station_5	A	2011-3-10T02:43:00	10	3	11	02:43:00	-42.364	-44.0318	10	5159	17.21	34.58	251.8	0	0.02	0.02	NA	0.21	NA	NA	NA	NA	NA	Autumn	SSTC	Westerlies - S. Subtropical Convergence Province
145	S0221	GA02	Station_5	A	2011-3-10T02:43:00	10	3	11	02:43:00	-42.364	-44.0318	50	5159	13.46	34.59	248.2	0.07	0.35	3.92	NA	0.54	NA	NA	NA	NA	NA	Summer	SSTC	Westerlies - S. Subtropical Convergence Province
146	S0221	GA02	Station_5	A	2011-3-10T02:43:00	10	3	11	02:43:00	-42.364	-44.0318	50	5159	13.46	34.59	248.2	0.07	0.35	3.92	NA	0.54	NA	NA	NA	NA	NA	Autumn	SSTC	Westerlies - S. Subtropical Convergence Province
147	S0222	GA02	Station_5	A	2011-3-10T02:43:00	10	3	11	02:43:00	-42.364	-44.0318	150	5159	9.08	34.67	255.2	3.78	0.03	14.73	NA	1.06	NA	NA	NA	NA	NA	Summer	SSTC	Westerlies - S. Subtropical Convergence Province
148	S0222	GA02	Station_5	A	2011-3-10T02:43:00	10	3	11	02:43:00	-42.364	-44.0318	150	5159	9.08	34.67	255.2	3.78	0.03	14.73	NA	1.06	NA	NA	NA	NA	NA	Autumn	SSTC	Westerlies - S. Subtropical Convergence Province
149	S0223	GA02	Station_6	A	2011-3-11T02:17:00	11	3	11	02:17:00	-39.9648	-42.4232	10	3102	5.84	34.81	287.5	4.7	0.19	12.19	NA	0.82	NA	NA	NA	NA	NA	Summer	SATL	Trades - South Atlantic Gyral Province (SATG)
150	S0223	GA02	Station_6	A	2011-3-11T02:17:00	11	3	11	02:17:00	-39.9648	-42.4232	10	3102	5.84	34.81	287.5	4.7	0.19	12.19	NA	0.82	NA	NA	NA	NA	NA	Autumn	SATL	Trades - South Atlantic Gyral Province (SATG)
151	S0224	GA02	Station_6	A	2011-3-11T02:17:00	11	3	11	02:17:00	-39.9648	-42.4232	50	3102	5.4	34.84	296.7	5	0.21	12.91	NA	0.86	NA	NA	NA	NA	NA	Summer	SATL	Trades - South Atlantic Gyral Province (SATG)
152	S0224	GA02	Station_6	A	2011-3-11T02:17:00	11	3	11	02:17:00	-39.9648	-42.4232	50	3102	5.4	34.84	296.7	5	0.21	12.91	NA	0.86	NA	NA	NA	NA	NA	Autumn	SATL	Trades - South Atlantic Gyral Province (SATG)
153	S0225	GA02	Station_6	A	2011-3-11T02:17:00	11	3	11	02:17:00	-39.9648	-42.4232	149	3102	4.34	34.86	287.1	7.5	0.1	15.7	NA	1.02	NA	NA	NA	NA	NA	Summer	SATL	Trades - South Atlantic Gyral Province (SATG)
154	S0225	GA02	Station_6	A	2011-3-11T02:17:00	11	3	11	02:17:00	-39.9648	-42.4232	149	3102	4.34	34.86	287.1	7.5	0.1	15.7	NA	1.02	NA	NA	NA	NA	NA	Autumn	SATL	Trades - South Atlantic Gyral Province (SATG)
155	S0226	GA02	Station_7	A	2011-3-12T01:56:00	12	3	11	01:56:00	-37.8305	-41.1248	9	5047	20.26	35.37	228	0.8	0	0	NA	0.07	NA	NA	NA	NA	NA	Summer	SATL	Trades - South Atlantic Gyral Province (SATG)
156	S0226	GA02	Station_7	A	2011-3-12T01:56:00	12	3	11	01:56:00	-37.8305	-41.1248	9	5047	20.26	35.37	228	0.8	0	0	NA	0.07	NA	NA	NA	NA	NA	Autumn	SATL	Trades - South Atlantic Gyral Province (SATG)
157	S0227	GA02	Station_7	A	2011-3-12T01:56:00	12	3	11	01:56:00	-37.8305	-41.1248	50	5047	19.74	35.58	231.6	0.89	0.01	0.01	NA	0.09	NA	NA	NA	NA	NA	Summer	SATL	Trades - South Atlantic Gyral Province (SATG)
158	S0227	GA02	Station_7	A	2011-3-12T01:56:00	12	3	11	01:56:00	-37.8305	-41.1248	50	5047	19.74	35.58	231.6	0.89	0.01	0.01	NA	0.09	NA	NA	NA	NA	NA	Autumn	SATL	Trades - South Atlantic Gyral Province (SATG)
159	S0228	GA02	Station_7	A	2011-3-12T01:56:00	12	3	11	01:56:00	37.8305	-41.1248	148	5047	15.22	35.65	220.9	1.56	0.02	4.8	NA	0.39	NA	NA	NA	NA	NA	Spring	NASW	Westerlies - N. Atlantic Subtropical Gyral Province (West) (STGW)
160	S0228	GA02	Station_7	A	2011-3-12T01:56:00	12	3	11	01:56:00	37.8305	-41.1248	148	5047	15.22	35.65	220.9	1.56	0.02	4.8	NA	0.39	NA	NA	NA	NA	NA	Winter	NASW	Westerlies - N. Atlantic Subtropical Gyral Province (West) (STGW)
161	S0229	GA02	Station_8	A	2011-3-13T13:43:00	13	3	11	13:43:00	-35.0093	-39.431	11	4850	22.09	35.73	220.4	0.5	0.01	0.01	NA	0	NA	NA	NA	NA	NA	Summer	SATL	Trades - South Atlantic Gyral Province (SATG)
162	S0229	GA02	Station_8	A	2011-3-13T13:43:00	13	3	11	13:43:00	-35.0093	-39.431	11	4850	22.09	35.73	220.4	0.5	0.01	0.01	NA	0	NA	NA	NA	NA	NA	Autumn	SATL	Trades - South Atlantic Gyral Province (SATG)
163	S0294	GA02	Station_18	A	2010-5-22T13:07:00	22	5	10	13:07:00	33.4334	-58.0503	9	4504	20.57	36.65	212.3	0.3	0.02	0.02	NA	0.01	NA	NA	NA	NA	NA	Spring	NASW	Westerlies - N. Atlantic Subtropical Gyral Province (West) (STGW)
164	S0294	GA02	Station_18	A	2010-5-22T13:07:00	22	5	10	13:07:00	33.4334	-58.0503	9	4504	20.57	36.65	212.3	0.3	0.02	0.02	NA	0.01	NA	NA	NA	NA	NA	Winter	NASW	Westerlies - N. Atlantic Subtropical Gyral Province (West) (STGW)
165	S0295	GA02	Station_18	A	2010-5-22T13:07:00	22	5	10	13:07:00	33.4334	-58.0503	51	4504	18.93	36.61	214	0.7	0.04	0.04	NA	0.01	NA	NA	NA	NA	NA	Spring	NASW	Westerlies - N. Atlantic Subtropical Gyral Province (West) (STGW)
166	S0295	GA02	Station_18	A	2010-5-22T13:07:00	22	5	10	13:07:00	33.4334	-58.0503	51	4504	18.93	36.61	214	0.7	0.04	0.04	NA	0.01	NA	NA	NA	NA	NA	Winter	NASW	Westerlies - N. Atlantic Subtropical Gyral Province (West) (STGW)
167	S0296	GA02	Station_18	A	2010-5-22T13:07:00	22	5	10	13:07:00	33.4334	-58.0503	76	4504	18.64	36.6	214.2	0.5	0.15	0.55	NA	0.02	NA	NA	NA	NA	NA	Spring	NASW	Westerlies - N. Atlantic Subtropical Gyral Province (West) (STGW)
168	S0296	GA02	Station_18	A	2010-5-22T13:07:00	22	5	10	13:07:00	33.4334	-58.0503	76	4504	18.64	36.6	214.2	0.5	0.15	0.55	NA	0.02	NA	NA	NA	NA	NA	Winter	NASW	Westerlies - N. Atlantic Subtropical Gyral Province (West) (STGW)
169	S0297	GA02	Station_18	A	2010-5-22T13:07:00	22	5	10	13:07:00	33.4334	-58.0503	151	4504	18.31	36.58	203.9	1	0.05	1.95	NA	0.06	NA	NA	NA	NA	NA	Spring	NASW	Westerlies - N. Atlantic Subtropical Gyral Province (West) (STGW)
170	S0297	GA02	Station_18	A	2010-5-22T13:07:00	22	5	10	13:07:00	33.4334	-58.0503	151	4504	18.31	36.58	203.9	1	0.05	1.95	NA	0.06	NA	NA	NA	NA	NA	Winter	NASW	Westerlies - N. Atlantic Subtropical Gyral Province (West) (STGW)
