CTD,20171109CCHSIO
# SHIP: Roger Revelle
# Cruise: I8S.2007
# DATES: 20070204 - 20070317
# Region: far SE Indian Ocean
# Chief Scientist: J.Swift, A. Wong
# CTDO: Who - James Swift/SIO; Status - final
# Transmissometer (CTDBEAMCP): Who - W.Gardner, TAMU; Status - final
#        Notes: beam attenuation units, 1/m
#        Instrument: Wetlabs C-Star Transmissometer, 660 nm 0.25m pathlength, SN:327 stations 1:68,83:88
#        Instrument: Wetlabs C-Star Transmissometer, 660 nm 0.25m pathlength, SN:490 stations 69:82
# CDOM Fluorometer (CTDCDOMFRAW) : Who - Norm Nelson-UCSB, Dave Siegel-UCSB; Status - final
#        Instrument: Wetlabs CDOM Fluorometer; Ex 370 nm, Em 460 nm; SN:FLCDRTD-428
# References:
#        Cruise report available at http://cchdo.ucsd.edu/cruise/33RR20070204
#
# The CTD data included in these files have been made available
# for public use by the PI(s) listed above.  Please see the
# on-line data history for this cruise at http://cchdo.ucsd.edu.
# Following American Geophysical Union recommendations, the data
# should be cited as: "data provider(s), cruise name or cruise ID,
# data file name(s), CLIVAR and Carbon Hydrographic Data Office,
# La Jolla, CA, USA, and data file date." For further information,
# please contact one of the parties listed above or cchdo@ucsd.edu.
# Users are also requested to acknowledge the PI(s) in publications
# resulting from use of these data.
# EVENT_CODE = unknown
# DEPTH_TYPE = unknown
# LATITUDE_UNITS = degrees_North
# LONGITUDE_UNITS = degrees_East
# DATE_UNITS: YYYYMMDD
# TIME_UNITS = HHMM
# Changed SECT_ID value from I8S to I08S to match CCHDO Lines
# Parameters removed from Exchange file: TRANSM,TRANSM_FLAG_W
# CTDCDOMFRAW_FLAG_W: Changed parameter name from FLUORM_FLAG_W to CTDCDOMFRAW_FLAG_W
# CTDCDOMFRAW: Changed parameter name from FLUORM to CTDCDOMFRAW
# Parameters merged into Exchange file: CTDBEAMCP,CTDBEAMCP_FLAG_W
# Previous file name: 00201_ct1.csv 
# CTD,20070314SIO - Previous Time Stamp 
NUMBER_HEADERS = 11
EXPOCODE = 33RR20070204
SECT_ID = I08S
STNNBR = 2
CASTNO = 1
DATE = 20070215
TIME = 1705
LATITUDE = -65.7682
LONGITUDE = 84.5348
DEPTH =  1257
INSTRUMENT_ID = 381
CTDPRS,CTDPRS_FLAG_W,CTDTMP,CTDTMP_FLAG_W,CTDSAL,CTDSAL_FLAG_W,CTDOXY,CTDOXY_FLAG_W,CTDNOBS,CTDETIME,CTDCDOMFRAW,CTDCDOMFRAW_FLAG_W,CTDBEAMCP,CTDBEAMCP_FLAG_W
DBAR,,ITS-90,,PSS-78,,UMOL/KG,,,,0-5VDC,,/METER,
       0.0,2,   -1.1256,2,   33.4461,2,     347.5,2,         1,     454.2,      -999,9,    0.0666,2
       2.0,2,   -1.0844,2,   33.4612,2,     347.0,2,       141,     469.8,      -999,9,    0.0710,2
       4.0,2,   -1.0431,2,   33.4763,2,     346.7,2,       189,     485.5,      -999,9,    0.0886,2
       6.0,2,   -0.9436,2,   33.5301,2,     350.0,2,       163,     493.3,      -999,9,    0.1185,2
       8.0,2,   -1.0342,2,   33.6386,2,     353.7,2,       132,     499.5,      -999,9,    0.1404,2
      10.0,2,   -1.0668,2,   33.6646,2,     351.4,2,       132,     505.0,      -999,9,    0.1487,2
      12.0,2,   -1.0504,2,   33.6760,2,     351.4,2,        96,     509.8,      -999,9,    0.1566,2
      14.0,2,   -0.9943,2,   33.6940,2,     350.6,2,       132,     514.5,      -999,9,    0.1704,2
      16.0,2,   -0.9345,2,   33.7230,2,     350.8,2,        82,     519.0,      -999,9,    0.1754,2
      18.0,2,   -0.8751,2,   33.7465,2,     350.0,2,       106,     523.1,      -999,9,    0.1679,2
      20.0,2,   -0.7864,2,   33.7623,2,     350.1,2,       105,     527.6,      -999,9,    0.1695,2
      22.0,2,   -0.6905,2,   33.7844,2,     350.9,2,        96,     531.8,      -999,9,    0.1796,2
      24.0,2,   -0.6410,2,   33.8121,2,     350.8,2,        93,     535.8,      -999,9,    0.1812,2
      26.0,2,   -0.6573,2,   33.8402,2,     351.2,2,        93,     539.8,      -999,9,    0.1783,2
      28.0,2,   -0.6759,2,   33.8506,2,     350.8,2,        95,     543.8,      -999,9,    0.1758,2
      30.0,2,   -0.6818,2,   33.8771,2,     349.7,2,        93,     547.8,      -999,9,    0.1741,2
      32.0,2,   -0.5670,2,   33.9078,2,     349.6,2,        96,     551.8,      -999,9,    0.1741,2
      34.0,2,   -0.5683,2,   33.9139,2,     350.3,2,        96,     555.8,      -999,9,    0.1796,2
      36.0,2,   -0.5574,2,   33.9181,2,     351.0,2,        95,     559.8,      -999,9,    0.1917,2
      38.0,2,   -0.5761,2,   33.9192,2,     350.3,2,        96,     563.8,      -999,9,    0.1997,2
      40.0,2,   -0.6082,2,   33.9236,2,     349.1,2,       106,     568.0,      -999,9,    0.2052,2
      42.0,2,   -0.6470,2,   33.9273,2,     348.6,2,        83,     572.0,      -999,9,    0.2144,2
      44.0,2,   -0.6694,2,   33.9341,2,     347.7,2,       106,     576.0,      -999,9,    0.2178,2
      46.0,2,   -0.7642,2,   33.9489,2,     346.1,2,        93,     580.3,      -999,9,    0.2098,2
      48.0,2,   -0.8555,2,   33.9718,2,     343.7,2,        84,     584.0,      -999,9,    0.1921,2
      50.0,2,   -1.0121,2,   33.9779,2,     339.5,2,       105,     588.1,      -999,9,    0.1700,2
      52.0,2,   -1.2849,2,   34.0106,2,     334.7,2,        94,     592.3,      -999,9,    0.1496,2
      54.0,2,   -1.2560,2,   34.0366,2,     329.5,2,        81,     596.1,      -999,9,    0.1425,2
      56.0,2,   -1.2461,2,   34.0610,2,     327.7,2,       119,     600.3,      -999,9,    0.1425,2
      58.0,2,   -1.3963,2,   34.0875,2,     325.8,2,        70,     604.3,      -999,9,    0.1338,2
      60.0,2,   -1.5429,2,   34.1117,2,     323.5,2,       106,     608.1,      -999,9,    0.1202,2
      62.0,2,   -1.5729,2,   34.1173,2,     323.1,2,        96,     612.3,      -999,9,    0.1132,2
      64.0,2,   -1.6029,2,   34.1203,2,     324.1,2,        83,     616.0,      -999,9,    0.1120,2
      66.0,2,   -1.5661,2,   34.1311,2,     324.5,2,       119,     620.3,      -999,9,    0.1124,2
      68.0,2,   -1.5476,2,   34.1502,2,     322.8,2,        83,     624.5,      -999,9,    0.1099,2
      70.0,2,   -1.6252,2,   34.1623,2,     318.9,2,        95,     628.3,      -999,9,    0.1000,2
      72.0,2,   -1.6346,2,   34.1849,2,     319.1,2,       108,     632.5,      -999,9,    0.0906,2
      74.0,2,   -1.6635,2,   34.1956,2,     317.3,2,        96,     636.8,      -999,9,    0.0861,2
      76.0,2,   -1.6897,2,   34.2067,2,     317.4,2,        84,     640.5,      -999,9,    0.0824,2
      78.0,2,   -1.7034,2,   34.2143,2,     318.6,2,       108,     644.5,      -999,9,    0.0751,2
      80.0,2,   -1.7277,2,   34.2259,2,     319.0,2,        96,     648.8,      -999,9,    0.0657,2
      82.0,2,   -1.7320,2,   34.2309,2,     319.9,2,        84,     652.5,      -999,9,    0.0588,2
      84.0,2,   -1.7365,2,   34.2376,2,     320.4,2,       108,     656.5,      -999,9,    0.0540,2
      86.0,2,   -1.7215,2,   34.2477,2,     319.9,2,       108,     661.0,      -999,9,    0.0507,2
      88.0,2,   -1.7246,2,   34.2535,2,     316.5,2,        84,     665.0,      -999,9,    0.0487,2
      90.0,2,   -1.7231,2,   34.2590,2,     315.3,2,        96,     668.8,      -999,9,    0.0483,2
      92.0,2,   -1.7155,2,   34.2620,2,     315.0,2,        96,     672.8,      -999,9,    0.0479,2
      94.0,2,   -1.7136,2,   34.2667,2,     312.9,2,        96,     676.8,      -999,9,    0.0442,2
      96.0,2,   -1.7154,2,   34.2695,2,     311.5,2,        96,     680.8,      -999,9,    0.0418,2
      98.0,2,   -1.7204,2,   34.2735,2,     312.4,2,        96,     684.8,      -999,9,    0.0422,2
     100.0,2,   -1.7220,2,   34.2783,2,     314.0,2,        96,     688.8,      -999,9,    0.0406,2
     102.0,2,   -1.7245,2,   34.2802,2,     314.2,2,       108,     693.0,      -999,9,    0.0370,2
     104.0,2,   -1.7276,2,   34.2824,2,     313.8,2,        95,     697.3,      -999,9,    0.0333,2
     106.0,2,   -1.7353,2,   34.2893,2,     313.5,2,        84,     701.0,      -999,9,    0.0313,2
     108.0,2,   -1.7315,2,   34.2909,2,     313.0,2,       108,     705.0,      -999,9,    0.0313,2
     110.0,2,   -1.7314,2,   34.2919,2,     312.9,2,        84,     709.0,      -999,9,    0.0297,2
     112.0,2,   -1.7379,2,   34.2924,2,     312.7,2,       108,     713.0,      -999,9,    0.0273,2
     114.0,2,   -1.7412,2,   34.2934,2,     312.9,2,        96,     717.3,      -999,9,    0.0269,2
     116.0,2,   -1.7427,2,   34.2937,2,     313.3,2,        96,     721.3,      -999,9,    0.0257,2
     118.0,2,   -1.7361,2,   34.2945,2,     313.5,2,        94,     725.3,      -999,9,    0.0245,2
     120.0,2,   -1.7271,2,   34.2959,2,     313.3,2,        96,     729.3,      -999,9,    0.0245,2
     122.0,2,   -1.7210,2,   34.2969,2,     312.3,2,        84,     733.0,      -999,9,    0.0257,2
     124.0,2,   -1.7174,2,   34.2978,2,     311.3,2,        96,     736.8,      -999,9,    0.0261,2
     126.0,2,   -1.7174,2,   34.2992,2,     310.1,2,        84,     740.5,      -999,9,    0.0253,2
     128.0,2,   -1.7291,2,   34.3007,2,     309.8,2,        72,     743.8,      -999,9,    0.0241,2
     130.0,2,   -1.7333,2,   34.3027,2,     311.6,2,        96,     747.3,      -999,9,    0.0241,2
     132.0,2,   -1.7080,2,   34.3072,2,     313.0,2,        72,     750.8,      -999,9,    0.0237,2
     134.0,2,   -1.6897,2,   34.3097,2,     311.6,2,        83,     754.1,      -999,9,    0.0225,2
     136.0,2,   -1.6846,2,   34.3118,2,     308.4,2,        72,     757.3,      -999,9,    0.0221,2
     138.0,2,   -1.6930,2,   34.3132,2,     307.3,2,        84,     760.5,      -999,9,    0.0225,2
     140.0,2,   -1.6941,2,   34.3140,2,     308.1,2,        84,     764.0,      -999,9,    0.0225,2
     142.0,2,   -1.6880,2,   34.3168,2,     308.7,2,        60,     767.0,      -999,9,    0.0229,2
     144.0,2,   -1.6877,2,   34.3187,2,     308.8,2,        84,     770.0,      -999,9,    0.0237,2
     146.0,2,   -1.6829,2,   34.3193,2,     308.1,2,        83,     773.5,      -999,9,    0.0237,2
     148.0,2,   -1.6871,2,   34.3204,2,     308.0,2,        71,     776.8,      -999,9,    0.0217,2
     150.0,2,   -1.6735,2,   34.3217,2,     307.6,2,        72,     779.8,      -999,9,    0.0196,2
     152.0,2,   -1.6672,2,   34.3232,2,     307.7,2,        72,     782.8,      -999,9,    0.0196,2
     154.0,2,   -1.6731,2,   34.3251,2,     307.2,2,        83,     786.0,      -999,9,    0.0205,2
     156.0,2,   -1.6895,2,   34.3257,2,     307.7,2,        84,     789.5,      -999,9,    0.0221,2
     158.0,2,   -1.7296,2,   34.3259,2,     308.2,2,        60,     792.5,      -999,9,    0.0237,2
     160.0,2,   -1.7510,2,   34.3263,2,     310.0,2,        84,     795.5,      -999,9,    0.0241,2
     162.0,2,   -1.7579,2,   34.3266,2,     312.3,2,        72,     798.8,      -999,9,    0.0237,2
     164.0,2,   -1.7581,2,   34.3274,2,     313.0,2,        72,     801.8,      -999,9,    0.0233,2
     166.0,2,   -1.7575,2,   34.3280,2,     313.2,2,        72,     804.8,      -999,9,    0.0229,2
     168.0,2,   -1.7563,2,   34.3284,2,     313.5,2,        84,     808.0,      -999,9,    0.0209,2
     170.0,2,   -1.7349,2,   34.3297,2,     313.4,2,        70,     811.3,      -999,9,    0.0184,2
     172.0,2,   -1.7222,2,   34.3317,2,     313.1,2,        60,     814.0,      -999,9,    0.0188,2
     174.0,2,   -1.7362,2,   34.3320,2,     312.4,2,        71,     816.8,      -999,9,    0.0192,2
     176.0,2,   -1.7478,2,   34.3337,2,     312.0,2,        71,     819.8,      -999,9,    0.0180,2
     178.0,2,   -1.7251,2,   34.3371,2,     312.9,2,        58,     822.6,      -999,9,    0.0176,2
     180.0,2,   -1.7246,2,   34.3382,2,     313.5,2,        60,     825.0,      -999,9,    0.0172,2
     182.0,2,   -1.7375,2,   34.3381,2,     313.0,2,        72,     827.8,      -999,9,    0.0164,2
     184.0,2,   -1.7452,2,   34.3381,2,     312.9,2,        48,     830.3,      -999,9,    0.0164,2
     186.0,2,   -1.7494,2,   34.3383,2,     313.6,2,        72,     832.8,      -999,9,    0.0176,2
     188.0,2,   -1.7466,2,   34.3390,2,     314.1,2,        72,     835.8,      -999,9,    0.0188,2
     190.0,2,   -1.7679,2,   34.3400,2,     314.2,2,        48,     838.3,      -999,9,    0.0180,2
     192.0,2,   -1.7800,2,   34.3410,2,     314.5,2,        60,     840.5,      -999,9,    0.0172,2
     194.0,2,   -1.7829,2,   34.3415,2,     315.5,2,        60,     843.0,      -999,9,    0.0180,2
     196.0,2,   -1.7847,2,   34.3418,2,     316.7,2,        60,     845.5,      -999,9,    0.0172,2
     198.0,2,   -1.7910,2,   34.3426,2,     317.4,2,        60,     848.0,      -999,9,    0.0156,2
     200.0,2,   -1.7997,2,   34.3436,2,     317.3,2,        59,     850.5,      -999,9,    0.0148,2
     202.0,2,   -1.8138,2,   34.3438,2,     317.9,2,        48,     852.8,      -999,9,    0.0148,2
     204.0,2,   -1.8190,2,   34.3445,2,     318.4,2,        60,     855.0,      -999,9,    0.0144,2
     206.0,2,   -1.8131,2,   34.3451,2,     319.5,2,        72,     857.8,      -999,9,    0.0148,2
     208.0,2,   -1.8093,2,   34.3457,2,     320.0,2,        60,     860.5,      -999,9,    0.0148,2
     210.0,2,   -1.8107,2,   34.3462,2,     319.8,2,        48,     862.8,      -999,9,    0.0148,2
     212.0,2,   -1.8119,2,   34.3465,2,     319.8,2,        60,     865.0,      -999,9,    0.0136,2
     214.0,2,   -1.8174,2,   34.3468,2,     319.9,2,        72,     867.8,      -999,9,    0.0144,2
     216.0,2,   -1.8272,2,   34.3475,2,     319.6,2,        48,     870.3,      -999,9,    0.0164,2
     218.0,2,   -1.8259,2,   34.3479,2,     319.9,2,        59,     872.5,      -999,9,    0.0164,2
     220.0,2,   -1.8174,2,   34.3491,2,     320.4,2,        48,     874.8,      -999,9,    0.0156,2
     222.0,2,   -1.8167,2,   34.3498,2,     320.4,2,        72,     877.3,      -999,9,    0.0156,2
     224.0,2,   -1.8183,2,   34.3499,2,     320.0,2,        60,     880.0,      -999,9,    0.0148,2
     226.0,2,   -1.8213,2,   34.3498,2,     320.1,2,        46,     882.3,      -999,9,    0.0140,2
     228.0,2,   -1.8259,2,   34.3498,2,     320.0,2,        60,     884.5,      -999,9,    0.0148,2
     230.0,2,   -1.8257,2,   34.3504,2,     320.0,2,        47,     886.8,      -999,9,    0.0148,2
     232.0,2,   -1.8241,2,   34.3507,2,     320.3,2,        60,     889.0,      -999,9,    0.0140,2
     234.0,2,   -1.8226,2,   34.3509,2,     320.4,2,        48,     891.3,      -999,9,    0.0140,2
     236.0,2,   -1.8207,2,   34.3513,2,     320.3,2,        48,     893.3,      -999,9,    0.0140,2
     238.0,2,   -1.8156,2,   34.3522,2,     320.3,2,        48,     895.3,      -999,9,    0.0136,2
     240.0,2,   -1.8054,2,   34.3533,2,     319.9,2,        47,     897.3,      -999,9,    0.0124,2
     242.0,2,   -1.7979,2,   34.3541,2,     319.7,2,        48,     899.3,      -999,9,    0.0116,2
     244.0,2,   -1.7827,2,   34.3560,2,     319.1,2,        48,     901.3,      -999,9,    0.0116,2
     246.0,2,   -1.7760,2,   34.3580,2,     318.6,2,        48,     903.3,      -999,9,    0.0124,2
     248.0,2,   -1.7704,2,   34.3592,2,     317.7,2,        48,     905.3,      -999,9,    0.0108,2
     250.0,2,   -1.7575,2,   34.3618,2,     317.2,2,        48,     907.3,      -999,9,    0.0096,2
     252.0,2,   -1.7570,2,   34.3623,2,     316.8,2,        60,     909.5,      -999,9,    0.0092,2
     254.0,2,   -1.7562,2,   34.3624,2,     316.0,2,        48,     911.8,      -999,9,    0.0096,2
     256.0,2,   -1.7498,2,   34.3632,2,     315.7,2,        35,     913.5,      -999,9,    0.0092,2
     258.0,2,   -1.7340,2,   34.3654,2,     315.4,2,        60,     915.5,      -999,9,    0.0092,2
     260.0,2,   -1.7234,2,   34.3675,2,     315.3,2,        48,     917.8,      -999,9,    0.0092,2
     262.0,2,   -1.7132,2,   34.3695,2,     314.6,2,        48,     919.8,      -999,9,    0.0112,2
     264.0,2,   -1.7087,2,   34.3704,2,     314.1,2,        48,     921.8,      -999,9,    0.0132,2
     266.0,2,   -1.7020,2,   34.3717,2,     313.7,2,        48,     923.8,      -999,9,    0.0112,2
     268.0,2,   -1.7008,2,   34.3733,2,     313.4,2,        48,     925.8,      -999,9,    0.0096,2
     270.0,2,   -1.7072,2,   34.3738,2,     312.9,2,        60,     928.0,      -999,9,    0.0092,2
     272.0,2,   -1.7091,2,   34.3741,2,     313.0,2,        36,     930.0,      -999,9,    0.0092,2
     274.0,2,   -1.7161,2,   34.3741,2,     313.0,2,        48,     931.8,      -999,9,    0.0116,2
     276.0,2,   -1.7086,2,   34.3755,2,     313.1,2,        48,     933.8,      -999,9,    0.0124,2
     278.0,2,   -1.7059,2,   34.3759,2,     313.4,2,        59,     936.1,      -999,9,    0.0112,2
     280.0,2,   -1.7029,2,   34.3765,2,     313.2,2,        35,     938.0,      -999,9,    0.0108,2
     282.0,2,   -1.6789,2,   34.3802,2,     313.0,2,        48,     939.8,      -999,9,    0.0104,2
     284.0,2,   -1.6731,2,   34.3808,2,     313.2,2,        59,     942.0,      -999,9,    0.0100,2
     286.0,2,   -1.6527,2,   34.3833,2,     312.5,2,        36,     944.0,      -999,9,    0.0116,2
     288.0,2,   -1.6442,2,   34.3838,2,     312.2,2,        48,     945.8,      -999,9,    0.0124,2
     290.0,2,   -1.6602,2,   34.3840,2,     311.9,2,        48,     947.8,      -999,9,    0.0116,2
     292.0,2,   -1.6284,2,   34.3867,2,     311.1,2,        48,     949.8,      -999,9,    0.0100,2
     294.0,2,   -1.5728,2,   34.3909,2,     311.0,2,        47,     951.8,      -999,9,    0.0100,2
     296.0,2,   -1.4993,2,   34.3960,2,     310.5,2,        46,     953.8,      -999,9,    0.0112,2
     298.0,2,   -1.4247,2,   34.4034,2,     309.0,2,        46,     955.8,      -999,9,    0.0120,2
     300.0,2,   -1.3660,2,   34.4068,2,     306.8,2,        47,     957.8,      -999,9,    0.0128,2
     302.0,2,   -1.3395,2,   34.4082,2,     304.4,2,        48,     959.8,      -999,9,    0.0128,2
     304.0,2,   -1.3543,2,   34.4077,2,     302.1,2,        48,     961.8,      -999,9,    0.0124,2
     306.0,2,   -1.3410,2,   34.4110,2,     300.2,2,        47,     963.8,      -999,9,    0.0120,2
     308.0,2,   -1.2576,2,   34.4149,2,     299.4,2,        47,     965.8,      -999,9,    0.0128,2
     310.0,2,   -1.1965,2,   34.4204,2,     298.7,2,        47,     967.8,      -999,9,    0.0132,2
     312.0,2,   -1.1916,2,   34.4212,2,     297.5,2,        48,     969.8,      -999,9,    0.0132,2
     314.0,2,   -1.2113,2,   34.4211,2,     295.2,2,        48,     971.8,      -999,9,    0.0124,2
     316.0,2,   -1.2187,2,   34.4215,2,     293.8,2,        47,     973.8,      -999,9,    0.0120,2
     318.0,2,   -1.2299,2,   34.4213,2,     294.0,2,        47,     975.8,      -999,9,    0.0120,2
     320.0,2,   -1.1947,2,   34.4248,2,     293.7,2,        47,     977.8,      -999,9,    0.0124,2
     322.0,2,   -1.1485,2,   34.4278,2,     294.1,2,        47,     979.8,      -999,9,    0.0124,2
     324.0,2,   -1.1449,2,   34.4292,2,     293.8,2,        48,     981.8,      -999,9,    0.0136,2
     326.0,2,   -1.2415,2,   34.4212,2,     293.2,2,        47,     983.8,      -999,9,    0.0152,2
     328.0,2,   -1.4222,2,   34.4136,2,     292.3,2,        47,     985.8,      -999,9,    0.0156,2
     330.0,2,   -1.3950,2,   34.4160,2,     293.3,2,        48,     987.8,      -999,9,    0.0152,2
     332.0,2,   -1.4024,2,   34.4165,2,     297.7,2,        48,     989.8,      -999,9,    0.0144,2
     334.0,2,   -1.3857,2,   34.4192,2,     299.7,2,        46,     991.8,      -999,9,    0.0136,2
     336.0,2,   -1.3763,2,   34.4204,2,     300.5,2,        48,     993.8,      -999,9,    0.0132,2
     338.0,2,   -1.3758,2,   34.4211,2,     300.7,2,        48,     995.8,      -999,9,    0.0136,2
     340.0,2,   -1.3691,2,   34.4224,2,     300.5,2,        46,     997.8,      -999,9,    0.0136,2
     342.0,2,   -1.3513,2,   34.4251,2,     300.0,2,        47,     999.8,      -999,9,    0.0136,2
     344.0,2,   -1.3024,2,   34.4292,2,     299.5,2,        46,    1001.8,      -999,9,    0.0136,2
     346.0,2,   -1.2576,2,   34.4310,2,     299.0,2,        48,    1003.8,      -999,9,    0.0132,2
     348.0,2,   -1.1253,2,   34.4427,2,     296.9,2,        47,    1005.8,      -999,9,    0.0124,2
     350.0,2,   -1.0621,2,   34.4461,2,     296.2,2,        45,    1007.8,      -999,9,    0.0120,2
     352.0,2,   -1.1022,2,   34.4450,2,     293.2,2,        47,    1009.8,      -999,9,    0.0136,2
     354.0,2,   -1.1133,2,   34.4436,2,     290.4,2,        48,    1011.8,      -999,9,    0.0148,2
     356.0,2,   -1.1594,2,   34.4407,2,     289.8,2,        48,    1013.8,      -999,9,    0.0152,2
     358.0,2,   -1.1958,2,   34.4377,2,     290.1,2,        48,    1015.8,      -999,9,    0.0148,2
     360.0,2,   -1.2035,2,   34.4372,2,     290.6,2,        48,    1017.8,      -999,9,    0.0136,2
     362.0,2,   -1.1814,2,   34.4411,2,     291.4,2,        47,    1019.8,      -999,9,    0.0136,2
     364.0,2,   -1.1579,2,   34.4444,2,     292.4,2,        48,    1021.8,      -999,9,    0.0140,2
     366.0,2,   -1.1647,2,   34.4454,2,     292.6,2,        48,    1023.8,      -999,9,    0.0136,2
     368.0,2,   -1.1689,2,   34.4460,2,     292.0,2,        48,    1025.8,      -999,9,    0.0124,2
     370.0,2,   -1.1915,2,   34.4447,2,     291.9,2,        48,    1027.8,      -999,9,    0.0124,2
     372.0,2,   -1.2363,2,   34.4440,2,     292.1,2,        48,    1029.8,      -999,9,    0.0132,2
     374.0,2,   -1.2845,2,   34.4427,2,     292.9,2,        47,    1031.8,      -999,9,    0.0132,2
     376.0,2,   -1.3151,2,   34.4418,2,     293.4,2,        47,    1033.8,      -999,9,    0.0132,2
     378.0,2,   -1.3522,2,   34.4403,2,     294.8,2,        47,    1035.8,      -999,9,    0.0136,2
     380.0,2,   -1.3770,2,   34.4394,2,     296.1,2,        45,    1037.8,      -999,9,    0.0148,2
     382.0,2,   -1.3475,2,   34.4420,2,     297.1,2,        48,    1039.8,      -999,9,    0.0156,2
     384.0,2,   -1.3253,2,   34.4447,2,     298.1,2,        47,    1041.8,      -999,9,    0.0144,2
     386.0,2,   -1.2716,2,   34.4493,2,     298.1,2,        48,    1043.8,      -999,9,    0.0132,2
     388.0,2,   -1.2189,2,   34.4542,2,     297.5,2,        48,    1045.8,      -999,9,    0.0132,2
     390.0,2,   -1.1281,2,   34.4628,2,     296.0,2,        48,    1047.8,      -999,9,    0.0136,2
     392.0,2,   -1.0873,2,   34.4653,2,     294.6,2,        46,    1049.8,      -999,9,    0.0152,2
     394.0,2,   -1.0154,2,   34.4719,2,     292.1,2,        47,    1051.8,      -999,9,    0.0148,2
     396.0,2,   -0.9040,2,   34.4815,2,     289.7,2,        46,    1053.8,      -999,9,    0.0132,2
     398.0,2,   -0.8534,2,   34.4852,2,     287.9,2,        47,    1055.8,      -999,9,    0.0128,2
     400.0,2,   -0.8359,2,   34.4864,2,     284.9,2,        48,    1057.8,      -999,9,    0.0124,2
     402.0,2,   -0.8120,2,   34.4881,2,     282.1,2,        48,    1059.8,      -999,9,    0.0128,2
     404.0,2,   -0.8081,2,   34.4883,2,     280.5,2,        47,    1061.8,      -999,9,    0.0136,2
     406.0,2,   -0.8034,2,   34.4882,2,     279.5,2,        48,    1063.8,      -999,9,    0.0140,2
     408.0,2,   -0.7834,2,   34.4904,2,     278.6,2,        48,    1065.8,      -999,9,    0.0132,2
     410.0,2,   -0.7696,2,   34.4912,2,     278.2,2,        48,    1067.8,      -999,9,    0.0128,2
     412.0,2,   -0.7082,2,   34.4974,2,     277.5,2,        48,    1069.8,      -999,9,    0.0124,2
     414.0,2,   -0.6677,2,   34.5011,2,     276.8,2,        47,    1071.8,      -999,9,    0.0124,2
     416.0,2,   -0.6479,2,   34.5030,2,     275.5,2,        48,    1073.8,      -999,9,    0.0132,2
     418.0,2,   -0.6358,2,   34.5049,2,     274.0,2,        48,    1075.8,      -999,9,    0.0136,2
     420.0,2,   -0.6174,2,   34.5073,2,     273.0,2,        48,    1077.8,      -999,9,    0.0128,2
     422.0,2,   -0.5812,2,   34.5113,2,     272.1,2,        48,    1079.8,      -999,9,    0.0124,2
     424.0,2,   -0.5476,2,   34.5145,2,     271.6,2,        48,    1081.8,      -999,9,    0.0132,2
     426.0,2,   -0.5365,2,   34.5159,2,     270.5,2,        47,    1083.8,      -999,9,    0.0132,2
     428.0,2,   -0.4606,2,   34.5236,2,     269.0,2,        48,    1085.8,      -999,9,    0.0128,2
     430.0,2,   -0.4283,2,   34.5260,2,     268.3,2,        48,    1087.8,      -999,9,    0.0124,2
     432.0,2,   -0.4354,2,   34.5259,2,     266.7,2,        48,    1089.8,      -999,9,    0.0124,2
     434.0,2,   -0.3959,2,   34.5294,2,     264.9,2,        46,    1091.8,      -999,9,    0.0120,2
     436.0,2,   -0.3427,2,   34.5344,2,     264.3,2,        48,    1093.8,      -999,9,    0.0120,2
     438.0,2,   -0.3353,2,   34.5348,2,     263.4,2,        48,    1095.8,      -999,9,    0.0116,2
     440.0,2,   -0.3208,2,   34.5371,2,     261.8,2,        47,    1097.8,      -999,9,    0.0120,2
     442.0,2,   -0.2706,2,   34.5418,2,     260.7,2,        48,    1099.8,      -999,9,    0.0124,2
     444.0,2,   -0.2353,2,   34.5452,2,     259.6,2,        47,    1101.8,      -999,9,    0.0124,2
     446.0,2,   -0.2071,2,   34.5482,2,     258.4,2,        47,    1103.8,      -999,9,    0.0112,2
     448.0,2,   -0.1926,2,   34.5499,2,     257.1,2,        47,    1105.8,      -999,9,    0.0112,2
     450.0,2,   -0.2091,2,   34.5495,2,     256.1,2,        48,    1107.8,      -999,9,    0.0120,2
     452.0,2,   -0.2075,2,   34.5511,2,     255.3,2,        47,    1109.8,      -999,9,    0.0120,2
     454.0,2,   -0.1492,2,   34.5562,2,     254.8,2,        47,    1111.8,      -999,9,    0.0128,2
     456.0,2,   -0.1370,2,   34.5567,2,     255.0,2,        47,    1113.8,      -999,9,    0.0136,2
     458.0,2,   -0.1617,2,   34.5544,2,     254.2,2,        46,    1115.8,      -999,9,    0.0132,2
     460.0,2,   -0.1844,2,   34.5530,2,     253.1,2,        48,    1117.8,      -999,9,    0.0128,2
     462.0,2,   -0.1694,2,   34.5557,2,     252.8,2,        48,    1119.8,      -999,9,    0.0124,2
     464.0,2,   -0.1666,2,   34.5563,2,     253.2,2,        48,    1121.8,      -999,9,    0.0116,2
     466.0,2,   -0.1650,2,   34.5570,2,     253.0,2,        48,    1123.8,      -999,9,    0.0116,2
     468.0,2,   -0.1512,2,   34.5586,2,     253.0,2,        48,    1125.8,      -999,9,    0.0116,2
     470.0,2,   -0.0963,2,   34.5643,2,     252.4,2,        47,    1127.8,      -999,9,    0.0120,2
     472.0,2,   -0.0734,2,   34.5674,2,     252.3,2,        48,    1129.8,      -999,9,    0.0116,2
     474.0,2,   -0.0775,2,   34.5678,2,     251.3,2,        48,    1131.8,      -999,9,    0.0112,2
     476.0,2,   -0.0722,2,   34.5689,2,     250.2,2,        46,    1133.8,      -999,9,    0.0108,2
     478.0,2,    0.0171,2,   34.5786,2,     249.3,2,        48,    1135.8,      -999,9,    0.0100,2
     480.0,2,    0.0528,2,   34.5826,2,     249.0,2,        47,    1137.8,      -999,9,    0.0092,2
     482.0,2,    0.1058,2,   34.5887,2,     247.4,2,        48,    1139.8,      -999,9,    0.0088,2
     484.0,2,    0.1174,2,   34.5899,2,     246.1,2,        48,    1141.8,      -999,9,    0.0084,2
     486.0,2,    0.1304,2,   34.5915,2,     244.5,2,        48,    1143.8,      -999,9,    0.0084,2
     488.0,2,    0.1787,2,   34.5970,2,     243.5,2,        48,    1145.8,      -999,9,    0.0084,2
     490.0,2,    0.2131,2,   34.6011,2,     242.6,2,        47,    1147.8,      -999,9,    0.0080,2
     492.0,2,    0.2642,2,   34.6057,2,     241.4,2,        46,    1149.8,      -999,9,    0.0076,2
     494.0,2,    0.2962,2,   34.6092,2,     240.1,2,        48,    1151.8,      -999,9,    0.0076,2
     496.0,2,    0.3301,2,   34.6123,2,     238.5,2,        48,    1153.8,      -999,9,    0.0072,2
     498.0,2,    0.3419,2,   34.6137,2,     237.0,2,        48,    1155.8,      -999,9,    0.0060,2
     500.0,2,    0.3677,2,   34.6164,2,     235.6,2,        48,    1157.8,      -999,9,    0.0056,2
     502.0,2,    0.3787,2,   34.6181,2,     234.9,2,        48,    1159.8,      -999,9,    0.0052,2
     504.0,2,    0.4025,2,   34.6210,2,     234.0,2,        48,    1161.8,      -999,9,    0.0056,2
     506.0,2,    0.4030,2,   34.6209,2,     233.2,2,        48,    1163.8,      -999,9,    0.0056,2
     508.0,2,    0.4056,2,   34.6208,2,     232.3,2,        48,    1165.8,      -999,9,    0.0056,2
     510.0,2,    0.4051,2,   34.6210,2,     231.9,2,        48,    1167.8,      -999,9,    0.0060,2
     512.0,2,    0.4108,2,   34.6218,2,     231.5,2,        35,    1169.5,      -999,9,    0.0064,2
     514.0,2,    0.4256,2,   34.6235,2,     231.2,2,        48,    1171.3,      -999,9,    0.0056,2
     516.0,2,    0.4260,2,   34.6235,2,     231.0,2,        48,    1173.3,      -999,9,    0.0056,2
     518.0,2,    0.4334,2,   34.6249,2,     230.6,2,        60,    1175.5,      -999,9,    0.0064,2
     520.0,2,    0.4603,2,   34.6283,2,     230.2,2,        48,    1177.8,      -999,9,    0.0064,2
     522.0,2,    0.4712,2,   34.6300,2,     230.0,2,        48,    1179.8,      -999,9,    0.0056,2
     524.0,2,    0.4774,2,   34.6311,2,     229.3,2,        34,    1181.6,      -999,9,    0.0052,2
     526.0,2,    0.4813,2,   34.6315,2,     228.9,2,        48,    1183.3,      -999,9,    0.0052,2
     528.0,2,    0.4864,2,   34.6328,2,     228.3,2,        48,    1185.3,      -999,9,    0.0052,2
     530.0,2,    0.4889,2,   34.6333,2,     227.9,2,        60,    1187.5,      -999,9,    0.0048,2
     532.0,2,    0.4922,2,   34.6341,2,     227.5,2,        48,    1189.8,      -999,9,    0.0048,2
     534.0,2,    0.4985,2,   34.6356,2,     227.1,2,        47,    1191.8,      -999,9,    0.0048,2
     536.0,2,    0.5041,2,   34.6364,2,     227.1,2,        36,    1193.5,      -999,9,    0.0048,2
     538.0,2,    0.5086,2,   34.6368,2,     226.8,2,        48,    1195.3,      -999,9,    0.0044,2
     540.0,2,    0.5126,2,   34.6374,2,     226.5,2,        48,    1197.3,      -999,9,    0.0048,2
     542.0,2,    0.5143,2,   34.6373,2,     226.3,2,        48,    1199.3,      -999,9,    0.0052,2
     544.0,2,    0.5168,2,   34.6377,2,     225.9,2,        60,    1201.5,      -999,9,    0.0056,2
     546.0,2,    0.5220,2,   34.6386,2,     225.8,2,        36,    1203.5,      -999,9,    0.0052,2
     548.0,2,    0.5264,2,   34.6393,2,     225.6,2,        48,    1205.3,      -999,9,    0.0048,2
     550.0,2,    0.5324,2,   34.6400,2,     225.6,2,        48,    1207.3,      -999,9,    0.0052,2
     552.0,2,    0.5384,2,   34.6408,2,     225.3,2,        48,    1209.3,      -999,9,    0.0060,2
     554.0,2,    0.5474,2,   34.6421,2,     224.9,2,        48,    1211.3,      -999,9,    0.0056,2
     556.0,2,    0.5515,2,   34.6432,2,     224.6,2,        48,    1213.3,      -999,9,    0.0048,2
     558.0,2,    0.5677,2,   34.6453,2,     224.3,2,        48,    1215.3,      -999,9,    0.0048,2
     560.0,2,    0.5807,2,   34.6470,2,     224.0,2,        48,    1217.3,      -999,9,    0.0040,2
     562.0,2,    0.5963,2,   34.6493,2,     223.5,2,        48,    1219.3,      -999,9,    0.0036,2
     564.0,2,    0.6092,2,   34.6506,2,     223.0,2,        36,    1221.0,      -999,9,    0.0036,2
     566.0,2,    0.6129,2,   34.6511,2,     222.5,2,        60,    1223.0,      -999,9,    0.0036,2
     568.0,2,    0.6229,2,   34.6524,2,     222.1,2,        48,    1225.3,      -999,9,    0.0036,2
     570.0,2,    0.6352,2,   34.6543,2,     221.9,2,        48,    1227.3,      -999,9,    0.0032,2
     572.0,2,    0.6430,2,   34.6556,2,     221.6,2,        36,    1229.0,      -999,9,    0.0036,2
     574.0,2,    0.6590,2,   34.6578,2,     221.3,2,        47,    1230.8,      -999,9,    0.0036,2
     576.0,2,    0.6658,2,   34.6584,2,     220.8,2,        60,    1233.0,      -999,9,    0.0032,2
     578.0,2,    0.6695,2,   34.6591,2,     220.1,2,        48,    1235.3,      -999,9,    0.0036,2
     580.0,2,    0.6750,2,   34.6598,2,     219.7,2,        48,    1237.3,      -999,9,    0.0036,2
     582.0,2,    0.6896,2,   34.6619,2,     219.6,2,        36,    1239.0,      -999,9,    0.0032,2
     584.0,2,    0.6999,2,   34.6630,2,     219.4,2,        48,    1240.8,      -999,9,    0.0028,2
     586.0,2,    0.7010,2,   34.6631,2,     219.0,2,        48,    1242.8,      -999,9,    0.0032,2
     588.0,2,    0.7058,2,   34.6637,2,     218.5,2,        47,    1244.8,      -999,9,    0.0032,2
     590.0,2,    0.7063,2,   34.6638,2,     218.2,2,        48,    1246.8,      -999,9,    0.0028,2
     592.0,2,    0.6998,2,   34.6638,2,     218.1,2,        48,    1248.8,      -999,9,    0.0032,2
     594.0,2,    0.7139,2,   34.6655,2,     217.8,2,        47,    1250.8,      -999,9,    0.0036,2
     596.0,2,    0.7136,2,   34.6654,2,     217.9,2,        48,    1252.8,      -999,9,    0.0040,2
     598.0,2,    0.7157,2,   34.6657,2,     217.6,2,        48,    1254.8,      -999,9,    0.0032,2
     600.0,2,    0.7286,2,   34.6679,2,     217.3,2,        48,    1256.8,      -999,9,    0.0028,2
     602.0,2,    0.7299,2,   34.6682,2,     217.1,2,        48,    1258.8,      -999,9,    0.0032,2
     604.0,2,    0.7357,2,   34.6688,2,     217.1,2,        48,    1260.8,      -999,9,    0.0032,2
     606.0,2,    0.7512,2,   34.6712,2,     216.8,2,        48,    1262.8,      -999,9,    0.0032,2
     608.0,2,    0.7571,2,   34.6722,2,     216.5,2,        47,    1264.8,      -999,9,    0.0040,2
     610.0,2,    0.7670,2,   34.6736,2,     216.1,2,        48,    1266.8,      -999,9,    0.0044,2
     612.0,2,    0.7732,2,   34.6743,2,     215.9,2,        48,    1268.8,      -999,9,    0.0032,2
     614.0,2,    0.7755,2,   34.6746,2,     215.8,2,        48,    1270.8,      -999,9,    0.0024,2
     616.0,2,    0.7748,2,   34.6747,2,     215.4,2,        48,    1272.8,      -999,9,    0.0040,2
     618.0,2,    0.7744,2,   34.6749,2,     215.1,2,        48,    1274.8,      -999,9,    0.0048,2
     620.0,2,    0.7777,2,   34.6755,2,     214.7,2,        48,    1276.8,      -999,9,    0.0040,2
     622.0,2,    0.7832,2,   34.6764,2,     214.6,2,        48,    1278.8,      -999,9,    0.0024,2
     624.0,2,    0.7915,2,   34.6771,2,     214.7,2,        47,    1280.8,      -999,9,    0.0024,2
     626.0,2,    0.7819,2,   34.6764,2,     214.5,2,        48,    1282.8,      -999,9,    0.0024,2
     628.0,2,    0.7842,2,   34.6770,2,     214.3,2,        36,    1284.5,      -999,9,    0.0024,2
     630.0,2,    0.8004,2,   34.6792,2,     214.2,2,        48,    1286.3,      -999,9,    0.0028,2
     632.0,2,    0.8117,2,   34.6806,2,     214.1,2,        59,    1288.6,      -999,9,    0.0032,2
     634.0,2,    0.8147,2,   34.6811,2,     213.8,2,        48,    1290.8,      -999,9,    0.0032,2
     636.0,2,    0.8197,2,   34.6821,2,     213.4,2,        48,    1292.8,      -999,9,    0.0024,2
     638.0,2,    0.8304,2,   34.6836,2,     213.4,2,        48,    1294.8,      -999,9,    0.0016,2
     640.0,2,    0.8356,2,   34.6843,2,     213.0,2,        48,    1296.8,      -999,9,    0.0020,2
     642.0,2,    0.8466,2,   34.6859,2,     212.8,2,        48,    1298.8,      -999,9,    0.0024,2
     644.0,2,    0.8505,2,   34.6862,2,     212.6,2,        36,    1300.5,      -999,9,    0.0024,2
     646.0,2,    0.8516,2,   34.6867,2,     212.2,2,        60,    1302.5,      -999,9,    0.0020,2
     648.0,2,    0.8538,2,   34.6873,2,     211.9,2,        48,    1304.8,      -999,9,    0.0012,2
     650.0,2,    0.8574,2,   34.6879,2,     211.8,2,        48,    1306.8,      -999,9,    0.0008,2
     652.0,2,    0.8598,2,   34.6885,2,     211.5,2,        48,    1308.8,      -999,9,    0.0008,2
     654.0,2,    0.8599,2,   34.6889,2,     211.4,2,        48,    1310.8,      -999,9,    0.0012,2
     656.0,2,    0.8631,2,   34.6895,2,     211.3,2,        36,    1312.5,      -999,9,    0.0020,2
     658.0,2,    0.8629,2,   34.6895,2,     211.2,2,        48,    1314.3,      -999,9,    0.0032,2
     660.0,2,    0.8614,2,   34.6894,2,     211.0,2,        60,    1316.5,      -999,9,    0.0032,2
     662.0,2,    0.8604,2,   34.6894,2,     210.8,2,        48,    1318.8,      -999,9,    0.0024,2
     664.0,2,    0.8601,2,   34.6896,2,     210.8,2,        36,    1320.5,      -999,9,    0.0024,2
     666.0,2,    0.8598,2,   34.6897,2,     210.8,2,        48,    1322.3,      -999,9,    0.0016,2
     668.0,2,    0.8599,2,   34.6896,2,     210.9,2,        60,    1324.5,      -999,9,    0.0012,2
     670.0,2,    0.8598,2,   34.6895,2,     211.0,2,        48,    1326.8,      -999,9,    0.0008,2
     672.0,2,    0.8597,2,   34.6898,2,     210.9,2,        48,    1328.8,      -999,9,    0.0012,2
     674.0,2,    0.8591,2,   34.6901,2,     210.9,2,        48,    1330.8,      -999,9,    0.0020,2
     676.0,2,    0.8586,2,   34.6902,2,     210.9,2,        36,    1332.5,      -999,9,    0.0028,2
     678.0,2,    0.8591,2,   34.6902,2,     210.8,2,        60,    1334.5,      -999,9,    0.0032,2
     680.0,2,    0.8594,2,   34.6904,2,     210.8,2,        48,    1336.8,      -999,9,    0.0024,2
     682.0,2,    0.8604,2,   34.6908,2,     210.6,2,        48,    1338.8,      -999,9,    0.0016,2
     684.0,2,    0.8638,2,   34.6914,2,     210.5,2,        48,    1340.8,      -999,9,    0.0016,2
     686.0,2,    0.8660,2,   34.6919,2,     210.6,2,        48,    1342.8,      -999,9,    0.0016,2
     688.0,2,    0.8704,2,   34.6926,2,     210.6,2,        48,    1344.8,      -999,9,    0.0012,2
     690.0,2,    0.8764,2,   34.6936,2,     210.5,2,        48,    1346.8,      -999,9,    0.0012,2
     692.0,2,    0.8785,2,   34.6939,2,     210.3,2,        48,    1348.8,      -999,9,    0.0016,2
     694.0,2,    0.8814,2,   34.6943,2,     209.9,2,        48,    1350.8,      -999,9,    0.0020,2
     696.0,2,    0.8820,2,   34.6944,2,     209.9,2,        48,    1352.8,      -999,9,    0.0024,2
     698.0,2,    0.8825,2,   34.6944,2,     209.7,2,        48,    1354.8,      -999,9,    0.0024,2
     700.0,2,    0.8834,2,   34.6948,2,     209.8,2,        60,    1357.0,      -999,9,    0.0024,2
     702.0,2,    0.8848,2,   34.6950,2,     209.6,2,        36,    1359.0,      -999,9,    0.0016,2
     704.0,2,    0.8835,2,   34.6953,2,     209.5,2,        48,    1360.8,      -999,9,    0.0012,2
     706.0,2,    0.8764,2,   34.6947,2,     209.4,2,        47,    1362.8,      -999,9,    0.0008,2
     708.0,2,    0.8691,2,   34.6941,2,     209.5,2,        60,    1365.0,      -999,9,    0.0012,2
     710.0,2,    0.8674,2,   34.6941,2,     209.5,2,        48,    1367.3,      -999,9,    0.0016,2
     712.0,2,    0.8671,2,   34.6942,2,     209.7,2,        48,    1369.3,      -999,9,    0.0012,2
     714.0,2,    0.8677,2,   34.6946,2,     209.9,2,        36,    1371.0,      -999,9,    0.0012,2
     716.0,2,    0.8696,2,   34.6945,2,     209.7,2,        48,    1372.8,      -999,9,    0.0020,2
     718.0,2,    0.8698,2,   34.6947,2,     209.8,2,        60,    1375.0,      -999,9,    0.0032,2
     720.0,2,    0.8695,2,   34.6947,2,     209.8,2,        48,    1377.3,      -999,9,    0.0032,2
     722.0,2,    0.8716,2,   34.6948,2,     209.7,2,        48,    1379.3,      -999,9,    0.0024,2
     724.0,2,    0.8691,2,   34.6949,2,     209.7,2,        48,    1381.3,      -999,9,    0.0024,2
     726.0,2,    0.8741,2,   34.6954,2,     209.8,2,        36,    1383.0,      -999,9,    0.0024,2
     728.0,2,    0.8747,2,   34.6953,2,     209.7,2,        59,    1385.1,      -999,9,    0.0012,2
     730.0,2,    0.8735,2,   34.6955,2,     209.5,2,        48,    1387.3,      -999,9,    0.0008,2
     732.0,2,    0.9222,2,   34.7021,2,     209.3,2,        48,    1389.3,      -999,9,    0.0004,2
     734.0,2,    0.9326,2,   34.7033,2,     209.5,2,        48,    1391.3,      -999,9,    0.0004,2
     736.0,2,    0.9302,2,   34.7032,2,     208.8,2,        48,    1393.3,      -999,9,    0.0004,2
     738.0,2,    0.9299,2,   34.7030,2,     208.2,2,        48,    1395.3,      -999,9,    0.0004,2
     740.0,2,    0.9287,2,   34.7030,2,     207.9,2,        48,    1397.3,      -999,9,    0.0004,2
     742.0,2,    0.9283,2,   34.7029,2,     207.9,2,        48,    1399.3,      -999,9,    0.0004,2
     744.0,2,    0.9269,2,   34.7030,2,     207.8,2,        48,    1401.3,      -999,9,    0.0004,2
     746.0,2,    0.9256,2,   34.7028,2,     207.8,2,        48,    1403.3,      -999,9,    0.0012,2
     748.0,2,    0.9245,2,   34.7026,2,     207.9,2,        48,    1405.3,      -999,9,    0.0024,2
     750.0,2,    0.9275,2,   34.7028,2,     207.9,2,        48,    1407.3,      -999,9,    0.0012,2
     752.0,2,    0.9268,2,   34.7029,2,     207.8,2,        48,    1409.3,      -999,9,    0.0004,2
     754.0,2,    0.9260,2,   34.7029,2,     207.7,2,        48,    1411.3,      -999,9,    0.0008,2
     756.0,2,    0.9239,2,   34.7029,2,     207.8,2,        48,    1413.3,      -999,9,    0.0016,2
     758.0,2,    0.9175,2,   34.7026,2,     207.9,2,        48,    1415.3,      -999,9,    0.0012,2
     760.0,2,    0.9101,2,   34.7020,2,     207.7,2,        59,    1417.6,      -999,9,    0.0008,2
     762.0,2,    0.9073,2,   34.7018,2,     207.7,2,        36,    1419.5,      -999,9,    0.0008,2
     764.0,2,    0.9011,2,   34.7010,2,     208.0,2,        48,    1421.3,      -999,9,    0.0016,2
     766.0,2,    0.8906,2,   34.7000,2,     208.1,2,        48,    1423.3,      -999,9,    0.0012,2
     768.0,2,    0.8854,2,   34.6998,2,     208.0,2,        59,    1425.5,      -999,9,    0.0008,2
     770.0,2,    0.8824,2,   34.6994,2,     208.3,2,        48,    1427.8,      -999,9,    0.0004,2
     772.0,2,    0.8689,2,   34.6981,2,     208.5,2,        36,    1429.5,      -999,9,    0.0008,2
     774.0,2,    0.8608,2,   34.6971,2,     208.6,2,        48,    1431.3,      -999,9,    0.0008,2
     776.0,2,    0.8527,2,   34.6966,2,     208.8,2,        58,    1433.5,      -999,9,    0.0008,2
     778.0,2,    0.8535,2,   34.6969,2,     209.2,2,        48,    1435.8,      -999,9,    0.0008,2
     780.0,2,    0.8451,2,   34.6962,2,     209.2,2,        47,    1437.8,      -999,9,    0.0012,2
     782.0,2,    0.8369,2,   34.6954,2,     209.3,2,        36,    1439.5,      -999,9,    0.0020,2
     784.0,2,    0.8319,2,   34.6951,2,     209.4,2,        59,    1441.6,      -999,9,    0.0020,2
     786.0,2,    0.8283,2,   34.6949,2,     209.6,2,        48,    1443.8,      -999,9,    0.0020,2
     788.0,2,    0.8260,2,   34.6951,2,     209.8,2,        48,    1445.8,      -999,9,    0.0020,2
     790.0,2,    0.8258,2,   34.6954,2,     210.1,2,        36,    1447.5,      -999,9,    0.0020,2
     792.0,2,    0.8250,2,   34.6954,2,     210.1,2,        60,    1449.5,      -999,9,    0.0012,2
     794.0,2,    0.8236,2,   34.6955,2,     209.8,2,        48,    1451.8,      -999,9,    0.0016,2
     796.0,2,    0.8197,2,   34.6956,2,     210.0,2,        48,    1453.8,      -999,9,    0.0024,2
     798.0,2,    0.8168,2,   34.6958,2,     210.1,2,        48,    1455.8,      -999,9,    0.0016,2
     800.0,2,    0.8144,2,   34.6957,2,     210.2,2,        48,    1457.8,      -999,9,    0.0008,2
     802.0,2,    0.8130,2,   34.6958,2,     210.3,2,        48,    1459.8,      -999,9,    0.0016,2
     804.0,2,    0.8131,2,   34.6960,2,     210.3,2,        48,    1461.8,      -999,9,    0.0024,2
     806.0,2,    0.8135,2,   34.6962,2,     210.1,2,        48,    1463.8,      -999,9,    0.0020,2
     808.0,2,    0.8136,2,   34.6963,2,     210.2,2,        48,    1465.8,      -999,9,    0.0016,2
     810.0,2,    0.8125,2,   34.6966,2,     210.3,2,        48,    1467.8,      -999,9,    0.0016,2
     812.0,2,    0.8112,2,   34.6965,2,     210.2,2,        48,    1469.8,      -999,9,    0.0016,2
     814.0,2,    0.8092,2,   34.6963,2,     210.2,2,        48,    1471.8,      -999,9,    0.0012,2
     816.0,2,    0.8080,2,   34.6963,2,     210.2,2,        48,    1473.8,      -999,9,    0.0008,2
     818.0,2,    0.8032,2,   34.6958,2,     210.2,2,        48,    1475.8,      -999,9,    0.0008,2
     820.0,2,    0.7926,2,   34.6947,2,     210.2,2,        48,    1477.8,      -999,9,    0.0008,2
     822.0,2,    0.8046,2,   34.6963,2,     210.2,2,        48,    1479.8,      -999,9,    0.0012,2
     824.0,2,    0.8103,2,   34.6970,2,     210.5,2,        48,    1481.8,      -999,9,    0.0024,2
     826.0,2,    0.8105,2,   34.6972,2,     210.4,2,        48,    1483.8,      -999,9,    0.0024,2
     828.0,2,    0.8069,2,   34.6968,2,     210.4,2,        36,    1485.5,      -999,9,    0.0012,2
     830.0,2,    0.8002,2,   34.6960,2,     210.3,2,        59,    1487.5,      -999,9,    0.0008,2
     832.0,2,    0.7916,2,   34.6951,2,     210.4,2,        48,    1489.8,      -999,9,    0.0008,2
     834.0,2,    0.7907,2,   34.6951,2,     210.5,2,        48,    1491.8,      -999,9,    0.0008,2
     836.0,2,    0.7916,2,   34.6954,2,     210.5,2,        36,    1493.5,      -999,9,    0.0008,2
     838.0,2,    0.7914,2,   34.6954,2,     210.5,2,        48,    1495.3,      -999,9,    0.0008,2
     840.0,2,    0.7871,2,   34.6953,2,     210.6,2,        48,    1497.3,      -999,9,    0.0012,2
     842.0,2,    0.7863,2,   34.6954,2,     210.7,2,        48,    1499.3,      -999,9,    0.0020,2
     844.0,2,    0.7903,2,   34.6961,2,     210.7,2,        48,    1501.3,      -999,9,    0.0012,2
     846.0,2,    0.7926,2,   34.6966,2,     210.7,2,        48,    1503.3,      -999,9,    0.0008,2
     848.0,2,    0.7925,2,   34.6968,2,     210.6,2,        48,    1505.3,      -999,9,    0.0008,2
     850.0,2,    0.7928,2,   34.6970,2,     210.7,2,        36,    1507.0,      -999,9,    0.0008,2
     852.0,2,    0.7937,2,   34.6970,2,     210.5,2,        48,    1508.8,      -999,9,    0.0008,2
     854.0,2,    0.7948,2,   34.6973,2,     210.6,2,        60,    1511.0,      -999,9,    0.0008,2
     856.0,2,    0.7955,2,   34.6976,2,     210.4,2,        48,    1513.3,      -999,9,    0.0008,2
     858.0,2,    0.8092,2,   34.6999,2,     210.3,2,        36,    1515.0,      -999,9,    0.0008,2
     860.0,2,    0.8294,2,   34.7020,2,     210.3,2,        48,    1516.8,      -999,9,    0.0012,2
     862.0,2,    0.8358,2,   34.7030,2,     210.0,2,        48,    1518.8,      -999,9,    0.0012,2
     864.0,2,    0.8427,2,   34.7037,2,     209.7,2,        48,    1520.8,      -999,9,    0.0008,2
     866.0,2,    0.8471,2,   34.7041,2,     209.6,2,        36,    1522.5,      -999,9,    0.0008,2
     868.0,2,    0.8504,2,   34.7044,2,     209.3,2,        60,    1524.5,      -999,9,    0.0020,2
     870.0,2,    0.8509,2,   34.7046,2,     209.0,2,        48,    1526.8,      -999,9,    0.0028,2
     872.0,2,    0.8505,2,   34.7045,2,     208.7,2,        36,    1528.5,      -999,9,    0.0016,2
     874.0,2,    0.8500,2,   34.7044,2,     208.8,2,        48,    1530.3,      -999,9,    0.0004,2
     876.0,2,    0.8487,2,   34.7043,2,     208.7,2,        48,    1532.3,      -999,9,    0.0004,2
     878.0,2,    0.8462,2,   34.7040,2,     208.9,2,        48,    1534.3,      -999,9,    0.0004,2
     880.0,2,    0.8373,2,   34.7031,2,     208.8,2,        48,    1536.3,      -999,9,    0.0004,2
     882.0,2,    0.8208,2,   34.7017,2,     208.9,2,        47,    1538.3,      -999,9,    0.0008,2
     884.0,2,    0.8135,2,   34.7012,2,     209.0,2,        48,    1540.3,      -999,9,    0.0008,2
     886.0,2,    0.8086,2,   34.7009,2,     209.2,2,        46,    1542.3,      -999,9,    0.0008,2
     888.0,2,    0.8124,2,   34.7012,2,     209.5,2,        48,    1544.3,      -999,9,    0.0008,2
     890.0,2,    0.8141,2,   34.7016,2,     209.5,2,        48,    1546.3,      -999,9,    0.0008,2
     892.0,2,    0.8057,2,   34.7006,2,     209.6,2,        36,    1548.0,      -999,9,    0.0008,2
     894.0,2,    0.7875,2,   34.6988,2,     209.7,2,        47,    1549.8,      -999,9,    0.0008,2
     896.0,2,    0.7838,2,   34.6986,2,     209.8,2,        48,    1551.8,      -999,9,    0.0008,2
     898.0,2,    0.7893,2,   34.6991,2,     209.8,2,        47,    1553.8,      -999,9,    0.0008,2
     900.0,2,    0.7665,2,   34.6967,2,     210.3,2,        48,    1555.8,      -999,9,    0.0012,2
     902.0,2,    0.7250,2,   34.6922,2,     210.5,2,        47,    1557.8,      -999,9,    0.0020,2
     904.0,2,    0.7071,2,   34.6905,2,     210.5,2,        48,    1559.8,      -999,9,    0.0024,2
     906.0,2,    0.7042,2,   34.6904,2,     211.0,2,        48,    1561.8,      -999,9,    0.0024,2
     908.0,2,    0.7010,2,   34.6901,2,     211.6,2,        36,    1563.5,      -999,9,    0.0024,2
     910.0,2,    0.6972,2,   34.6898,2,     211.9,2,        60,    1565.5,      -999,9,    0.0024,2
     912.0,2,    0.6946,2,   34.6896,2,     212.2,2,        48,    1567.8,      -999,9,    0.0020,2
     914.0,2,    0.6937,2,   34.6901,2,     212.4,2,        48,    1569.8,      -999,9,    0.0016,2
     916.0,2,    0.6944,2,   34.6908,2,     212.5,2,        36,    1571.5,      -999,9,    0.0016,2
     918.0,2,    0.6944,2,   34.6906,2,     212.6,2,        47,    1573.3,      -999,9,    0.0016,2
     920.0,2,    0.6888,2,   34.6899,2,     212.5,2,        47,    1575.3,      -999,9,    0.0020,2
     922.0,2,    0.6505,2,   34.6857,2,     212.7,2,        47,    1577.3,      -999,9,    0.0020,2
     924.0,2,    0.6268,2,   34.6838,2,     212.9,2,        48,    1579.3,      -999,9,    0.0020,2
     926.0,2,    0.6214,2,   34.6834,2,     213.2,2,        60,    1581.5,      -999,9,    0.0024,2
     928.0,2,    0.6172,2,   34.6833,2,     213.9,2,        47,    1583.8,      -999,9,    0.0032,2
     930.0,2,    0.6092,2,   34.6826,2,     214.2,2,        36,    1585.5,      -999,9,    0.0032,2
     932.0,2,    0.6108,2,   34.6833,2,     214.4,2,        48,    1587.3,      -999,9,    0.0032,2
     934.0,2,    0.6221,2,   34.6853,2,     214.4,2,        47,    1589.3,      -999,9,    0.0024,2
     936.0,2,    0.6312,2,   34.6866,2,     214.5,2,        48,    1591.3,      -999,9,    0.0020,2
     938.0,2,    0.6357,2,   34.6874,2,     214.4,2,        48,    1593.3,      -999,9,    0.0020,2
     940.0,2,    0.6488,2,   34.6893,2,     214.1,2,        48,    1595.3,      -999,9,    0.0016,2
     942.0,2,    0.6612,2,   34.6910,2,     214.0,2,        47,    1597.3,      -999,9,    0.0016,2
     944.0,2,    0.6631,2,   34.6913,2,     213.8,2,        48,    1599.3,      -999,9,    0.0024,2
     946.0,2,    0.6665,2,   34.6917,2,     213.4,2,        48,    1601.3,      -999,9,    0.0036,2
     948.0,2,    0.6699,2,   34.6920,2,     213.3,2,        48,    1603.3,      -999,9,    0.0024,2
     950.0,2,    0.6719,2,   34.6922,2,     213.2,2,        48,    1605.3,      -999,9,    0.0016,2
     952.0,2,    0.6726,2,   34.6923,2,     213.0,2,        48,    1607.3,      -999,9,    0.0020,2
     954.0,2,    0.6712,2,   34.6921,2,     212.9,2,        48,    1609.3,      -999,9,    0.0024,2
     956.0,2,    0.6792,2,   34.6931,2,     212.8,2,        48,    1611.3,      -999,9,    0.0020,2
     958.0,2,    0.6796,2,   34.6930,2,     212.9,2,        48,    1613.3,      -999,9,    0.0020,2
     960.0,2,    0.6781,2,   34.6928,2,     212.8,2,        48,    1615.3,      -999,9,    0.0024,2
     962.0,2,    0.6829,2,   34.6936,2,     212.6,2,        47,    1617.3,      -999,9,    0.0016,2
     964.0,2,    0.6904,2,   34.6947,2,     212.7,2,        47,    1619.3,      -999,9,    0.0012,2
     966.0,2,    0.6962,2,   34.6956,2,     212.5,2,        60,    1621.5,      -999,9,    0.0016,2
     968.0,2,    0.6969,2,   34.6961,2,     212.3,2,        48,    1623.8,      -999,9,    0.0016,2
     970.0,2,    0.6968,2,   34.6961,2,     212.3,2,        36,    1625.5,      -999,9,    0.0016,2
     972.0,2,    0.6963,2,   34.6960,2,     212.1,2,        48,    1627.3,      -999,9,    0.0016,2
     974.0,2,    0.6940,2,   34.6957,2,     212.2,2,        48,    1629.3,      -999,9,    0.0016,2
     976.0,2,    0.6898,2,   34.6953,2,     212.2,2,        58,    1631.5,      -999,9,    0.0024,2
     978.0,2,    0.7038,2,   34.6970,2,     212.0,2,        47,    1633.8,      -999,9,    0.0028,2
     980.0,2,    0.7019,2,   34.6968,2,     212.0,2,        46,    1635.8,      -999,9,    0.0016,2
     982.0,2,    0.6963,2,   34.6964,2,     211.9,2,        36,    1637.5,      -999,9,    0.0008,2
     984.0,2,    0.6937,2,   34.6961,2,     211.8,2,        48,    1639.3,      -999,9,    0.0008,2
     986.0,2,    0.6913,2,   34.6959,2,     211.9,2,        48,    1641.3,      -999,9,    0.0008,2
     988.0,2,    0.6893,2,   34.6959,2,     211.8,2,        60,    1643.5,      -999,9,    0.0016,2
     990.0,2,    0.6890,2,   34.6958,2,     211.9,2,        48,    1645.8,      -999,9,    0.0024,2
     992.0,2,    0.6897,2,   34.6958,2,     212.0,2,        48,    1647.8,      -999,9,    0.0020,2
     994.0,2,    0.6902,2,   34.6959,2,     212.0,2,        35,    1649.6,      -999,9,    0.0016,2
     996.0,2,    0.6918,2,   34.6962,2,     212.1,2,        48,    1651.3,      -999,9,    0.0012,2
     998.0,2,    0.6902,2,   34.6960,2,     211.9,2,        48,    1653.3,      -999,9,    0.0008,2
    1000.0,2,    0.6915,2,   34.6961,2,     212.0,2,        60,    1655.5,      -999,9,    0.0012,2
    1002.0,2,    0.6930,2,   34.6963,2,     211.9,2,        47,    1657.8,      -999,9,    0.0016,2
    1004.0,2,    0.6879,2,   34.6958,2,     211.9,2,        48,    1659.8,      -999,9,    0.0016,2
    1006.0,2,    0.6853,2,   34.6956,2,     211.9,2,        48,    1661.8,      -999,9,    0.0012,2
    1008.0,2,    0.6727,2,   34.6941,2,     211.9,2,        36,    1663.5,      -999,9,    0.0008,2
    1010.0,2,    0.6608,2,   34.6932,2,     212.0,2,        60,    1665.5,      -999,9,    0.0008,2
    1012.0,2,    0.6632,2,   34.6935,2,     212.2,2,        48,    1667.8,      -999,9,    0.0008,2
    1014.0,2,    0.6717,2,   34.6945,2,     212.4,2,        47,    1669.8,      -999,9,    0.0008,2
    1016.0,2,    0.6758,2,   34.6950,2,     212.3,2,        48,    1671.8,      -999,9,    0.0008,2
    1018.0,2,    0.6780,2,   34.6955,2,     212.4,2,        48,    1673.8,      -999,9,    0.0012,2
    1020.0,2,    0.6716,2,   34.6949,2,     212.3,2,        48,    1675.8,      -999,9,    0.0020,2
    1022.0,2,    0.6542,2,   34.6931,2,     212.4,2,        48,    1677.8,      -999,9,    0.0020,2
    1024.0,2,    0.6569,2,   34.6937,2,     212.2,2,        47,    1679.8,      -999,9,    0.0020,2
    1026.0,2,    0.6682,2,   34.6950,2,     212.2,2,        58,    1682.0,      -999,9,    0.0012,2
    1028.0,2,    0.6705,2,   34.6954,2,     212.3,2,        34,    1684.0,      -999,9,    0.0008,2
    1030.0,2,    0.6734,2,   34.6958,2,     212.3,2,        48,    1685.8,      -999,9,    0.0004,2
    1032.0,2,    0.6748,2,   34.6960,2,     212.1,2,        48,    1687.8,      -999,9,    0.0012,2
    1034.0,2,    0.6759,2,   34.6961,2,     212.2,2,        60,    1690.0,      -999,9,    0.0016,2
    1036.0,2,    0.6745,2,   34.6960,2,     212.2,2,        48,    1692.3,      -999,9,    0.0008,2
    1038.0,2,    0.6751,2,   34.6961,2,     212.1,2,        48,    1694.3,      -999,9,    0.0000,2
    1040.0,2,    0.6767,2,   34.6964,2,     212.2,2,        48,    1696.3,      -999,9,    0.0004,2
    1042.0,2,    0.6754,2,   34.6963,2,     212.1,2,        48,    1698.3,      -999,9,    0.0012,2
    1044.0,2,    0.6742,2,   34.6962,2,     212.1,2,        48,    1700.3,      -999,9,    0.0004,2
    1046.0,2,    0.6703,2,   34.6958,2,     211.9,2,        48,    1702.3,      -999,9,    0.0000,2
    1048.0,2,    0.6657,2,   34.6956,2,     212.0,2,        58,    1704.5,      -999,9,    0.0000,2
    1050.0,2,    0.6596,2,   34.6951,2,     211.9,2,        48,    1706.8,      -999,9,    0.0000,2
    1052.0,2,    0.6568,2,   34.6950,2,     212.0,2,        48,    1708.8,      -999,9,    0.0000,2
    1054.0,2,    0.6555,2,   34.6948,2,     212.1,2,        46,    1710.8,      -999,9,    0.0004,2
    1056.0,2,    0.6489,2,   34.6942,2,     212.4,2,        48,    1712.8,      -999,9,    0.0004,2
    1058.0,2,    0.6384,2,   34.6935,2,     212.2,2,        48,    1714.8,      -999,9,    0.0004,2
    1060.0,2,    0.6308,2,   34.6929,2,     212.3,2,        48,    1716.8,      -999,9,    0.0000,2
    1062.0,2,    0.6280,2,   34.6928,2,     212.4,2,        48,    1718.8,      -999,9,    0.0000,2
    1064.0,2,    0.6262,2,   34.6926,2,     212.8,2,        48,    1720.8,      -999,9,    0.0004,2
    1066.0,2,    0.6230,2,   34.6926,2,     212.8,2,        48,    1722.8,      -999,9,    0.0004,2
    1068.0,2,    0.6210,2,   34.6924,2,     212.8,2,        48,    1724.8,      -999,9,    0.0004,2
    1070.0,2,    0.6203,2,   34.6924,2,     212.8,2,        48,    1726.8,      -999,9,    0.0004,2
    1072.0,2,    0.6202,2,   34.6924,2,     212.9,2,        48,    1728.8,      -999,9,    0.0008,2
    1074.0,2,    0.6195,2,   34.6925,2,     212.8,2,        48,    1730.8,      -999,9,    0.0008,2
    1076.0,2,    0.6189,2,   34.6924,2,     212.7,2,        48,    1732.8,      -999,9,    0.0004,2
    1078.0,2,    0.6171,2,   34.6925,2,     212.8,2,        48,    1734.8,      -999,9,    0.0004,2
    1080.0,2,    0.6147,2,   34.6924,2,     213.1,2,        48,    1736.8,      -999,9,    0.0004,2
    1082.0,2,    0.6140,2,   34.6923,2,     213.1,2,        48,    1738.8,      -999,9,    0.0004,2
    1084.0,2,    0.6129,2,   34.6922,2,     213.2,2,        48,    1740.8,      -999,9,    0.0004,2
    1086.0,2,    0.6123,2,   34.6922,2,     213.0,2,        48,    1742.8,      -999,9,    0.0000,2
    1088.0,2,    0.6115,2,   34.6922,2,     213.0,2,        48,    1744.8,      -999,9,    0.0004,2
    1090.0,2,    0.6100,2,   34.6920,2,     212.9,2,        48,    1746.8,      -999,9,    0.0004,2
    1092.0,2,    0.6082,2,   34.6920,2,     213.0,2,        48,    1748.8,      -999,9,    0.0004,2
    1094.0,2,    0.6033,2,   34.6917,2,     213.1,2,        48,    1750.8,      -999,9,    0.0004,2
    1096.0,2,    0.5971,2,   34.6913,2,     213.1,2,        48,    1752.8,      -999,9,    0.0004,2
    1098.0,2,    0.5945,2,   34.6912,2,     213.0,2,        60,    1755.0,      -999,9,    0.0004,2
    1100.0,2,    0.5934,2,   34.6914,2,     213.1,2,        36,    1757.0,      -999,9,    0.0008,2
    1102.0,2,    0.5922,2,   34.6913,2,     213.2,2,        48,    1758.8,      -999,9,    0.0008,2
    1104.0,2,    0.5915,2,   34.6912,2,     213.2,2,        48,    1760.8,      -999,9,    0.0008,2
    1106.0,2,    0.5869,2,   34.6908,2,     213.3,2,        48,    1762.8,      -999,9,    0.0008,2
    1108.0,2,    0.5837,2,   34.6907,2,     213.3,2,        48,    1764.8,      -999,9,    0.0004,2
    1110.0,2,    0.5840,2,   34.6906,2,     213.4,2,        48,    1766.8,      -999,9,    0.0008,2
    1112.0,2,    0.5793,2,   34.6905,2,     213.4,2,        60,    1769.0,      -999,9,    0.0016,2
    1114.0,2,    0.5778,2,   34.6905,2,     213.5,2,        48,    1771.3,      -999,9,    0.0012,2
    1116.0,2,    0.5756,2,   34.6903,2,     213.6,2,        36,    1773.0,      -999,9,    0.0008,2
    1118.0,2,    0.5742,2,   34.6900,2,     213.6,2,        48,    1774.8,      -999,9,    0.0012,2
    1120.0,2,    0.5699,2,   34.6895,2,     213.7,2,        48,    1776.8,      -999,9,    0.0020,2
    1122.0,2,    0.5684,2,   34.6896,2,     213.5,2,        60,    1779.0,      -999,9,    0.0020,2
    1124.0,2,    0.5653,2,   34.6893,2,     213.6,2,        48,    1781.3,      -999,9,    0.0016,2
    1126.0,2,    0.5593,2,   34.6890,2,     213.7,2,        48,    1783.3,      -999,9,    0.0016,2
    1128.0,2,    0.5568,2,   34.6888,2,     213.8,2,        48,    1785.3,      -999,9,    0.0024,2
    1130.0,2,    0.5572,2,   34.6888,2,     213.8,2,        36,    1787.0,      -999,9,    0.0024,2
    1132.0,2,    0.5582,2,   34.6889,2,     213.8,2,        60,    1789.0,      -999,9,    0.0024,2
    1134.0,2,    0.5588,2,   34.6890,2,     214.1,2,        48,    1791.3,      -999,9,    0.0020,2
    1136.0,2,    0.5586,2,   34.6889,2,     213.9,2,        48,    1793.3,      -999,9,    0.0020,2
    1138.0,2,    0.5583,2,   34.6889,2,     214.0,2,        48,    1795.3,      -999,9,    0.0016,2
    1140.0,2,    0.5581,2,   34.6890,2,     214.0,2,        48,    1797.3,      -999,9,    0.0016,2
    1142.0,2,    0.5575,2,   34.6889,2,     214.1,2,        48,    1799.3,      -999,9,    0.0016,2
    1144.0,2,    0.5575,2,   34.6890,2,     214.1,2,        48,    1801.3,      -999,9,    0.0016,2
    1146.0,2,    0.5578,2,   34.6888,2,     214.2,2,        48,    1803.3,      -999,9,    0.0020,2
    1148.0,2,    0.5562,2,   34.6888,2,     214.0,2,        47,    1805.3,      -999,9,    0.0024,2
    1150.0,2,    0.5528,2,   34.6887,2,     214.0,2,        48,    1807.3,      -999,9,    0.0016,2
    1152.0,2,    0.5505,2,   34.6887,2,     214.1,2,        48,    1809.3,      -999,9,    0.0016,2
    1154.0,2,    0.5472,2,   34.6886,2,     214.0,2,        48,    1811.3,      -999,9,    0.0016,2
    1156.0,2,    0.5462,2,   34.6886,2,     214.0,2,        60,    1813.5,      -999,9,    0.0024,2
    1158.0,2,    0.5448,2,   34.6886,2,     214.0,2,        48,    1815.8,      -999,9,    0.0020,2
    1160.0,2,    0.5450,2,   34.6886,2,     214.0,2,        60,    1818.0,      -999,9,    0.0016,2
    1162.0,2,    0.5412,2,   34.6884,2,     214.0,2,        48,    1820.3,      -999,9,    0.0020,2
    1164.0,2,    0.5398,2,   34.6883,2,     214.0,2,        60,    1822.5,      -999,9,    0.0024,2
    1166.0,2,    0.5390,2,   34.6885,2,     213.8,2,        60,    1825.0,      -999,9,    0.0024,2
    1168.0,2,    0.5376,2,   34.6883,2,     214.0,2,        60,    1827.5,      -999,9,    0.0024,2
    1170.0,2,    0.5348,2,   34.6882,2,     214.0,2,        60,    1830.0,      -999,9,    0.0028,2
    1172.0,2,    0.5335,2,   34.6880,2,     214.1,2,        84,    1833.0,      -999,9,    0.0028,2
    1174.0,2,    0.5334,2,   34.6881,2,     214.2,2,        72,    1836.3,      -999,9,    0.0028,2
    1176.0,2,    0.5332,2,   34.6881,2,     214.2,2,        60,    1839.0,      -999,9,    0.0028,2
    1178.0,2,    0.5324,2,   34.6880,2,     214.0,2,        96,    1842.3,      -999,9,    0.0032,2
    1180.0,2,    0.5322,2,   34.6879,2,     214.1,2,        72,    1845.8,      -999,9,    0.0032,2
    1182.0,2,    0.5303,2,   34.6882,2,     214.2,2,        84,    1849.0,      -999,9,    0.0032,2
    1184.0,2,    0.5305,2,   34.6880,2,     214.0,2,        84,    1852.5,      -999,9,    0.0028,2
    1186.0,2,    0.5305,2,   34.6881,2,     213.9,2,        72,    1855.8,      -999,9,    0.0024,2
    1188.0,2,    0.5311,2,   34.6882,2,     213.8,2,       108,    1859.5,      -999,9,    0.0024,2
    1190.0,2,    0.5311,2,   34.6882,2,     214.0,2,        84,    1863.5,      -999,9,    0.0020,2
    1192.0,2,    0.5304,2,   34.6881,2,     213.8,2,       120,    1867.8,      -999,9,    0.0020,2
    1194.0,2,    0.5304,2,   34.6882,2,     213.8,2,        84,    1872.0,      -999,9,    0.0024,2
    1196.0,2,    0.5300,2,   34.6882,2,     214.0,2,        96,    1875.8,      -999,9,    0.0036,2
    1198.0,2,    0.5301,2,   34.6881,2,     214.0,2,       108,    1880.1,      -999,9,    0.0036,2
    1200.0,2,    0.5307,2,   34.6881,2,     213.8,2,        96,    1884.3,      -999,9,    0.0024,2
    1202.0,2,    0.5294,2,   34.6879,2,     213.7,2,        96,    1888.3,      -999,9,    0.0024,2
    1204.0,2,    0.5279,2,   34.6879,2,     213.9,2,       120,    1892.8,      -999,9,    0.0032,2
    1206.0,2,    0.5287,2,   34.6880,2,     213.7,2,        84,    1897.0,      -999,9,    0.0032,2
    1208.0,2,    0.5298,2,   34.6882,2,     213.8,2,       108,    1901.0,      -999,9,    0.0020,2
    1210.0,2,    0.5285,2,   34.6880,2,     213.9,2,       108,    1905.5,      -999,9,    0.0016,2
    1212.0,2,    0.5273,2,   34.6879,2,     213.9,2,        84,    1909.5,      -999,9,    0.0020,2
    1214.0,2,    0.5271,2,   34.6879,2,     213.7,2,        96,    1913.3,      -999,9,    0.0024,2
    1216.0,2,    0.5273,2,   34.6878,2,     213.8,2,       120,    1917.8,      -999,9,    0.0024,2
    1218.0,2,    0.5271,2,   34.6878,2,     213.9,2,        84,    1922.0,      -999,9,    0.0024,2
    1220.0,2,    0.5272,2,   34.6877,2,     213.8,2,       108,    1926.0,      -999,9,    0.0024,2
    1222.0,2,    0.5267,2,   34.6877,2,     213.7,2,       108,    1930.5,      -999,9,    0.0024,2
    1224.0,2,    0.5251,2,   34.6877,2,     213.7,2,        96,    1934.8,      -999,9,    0.0028,2
    1226.0,2,    0.5259,2,   34.6878,2,     213.7,2,       120,    1939.3,      -999,9,    0.0028,2
    1228.0,2,    0.5270,2,   34.6877,2,     213.6,2,        96,    1943.8,      -999,9,    0.0028,2
    1230.0,2,    0.5277,2,   34.6879,2,     213.7,2,       108,    1948.0,      -999,9,    0.0028,2
    1232.0,2,    0.5277,2,   34.6877,2,     213.6,2,       120,    1952.8,      -999,9,    0.0032,2
    1234.0,2,    0.5274,2,   34.6877,2,     213.7,2,        96,    1957.3,      -999,9,    0.0036,2
    1236.0,2,    0.5283,2,   34.6877,2,     213.6,2,       132,    1962.5,      -999,9,    0.0032,2
    1238.0,2,    0.5271,2,   34.6877,2,     213.4,2,       108,    1968.0,      -999,9,    0.0032,2
    1240.0,2,    0.5276,2,   34.6877,2,     213.5,2,       204,    1974.5,      -999,9,    0.0032,2
    1242.0,2,    0.5291,2,   34.6877,2,     213.6,2,       240,    1983.8,      -999,9,    0.0032,2
    1244.0,2,    0.5300,2,   34.6877,2,     213.6,2,       168,    1992.3,      -999,9,    0.0028,2
    1246.0,2,    0.5303,2,   34.6876,2,     213.4,2,       192,    2001.4,      -999,9,    0.0032,2
    1248.0,2,    0.5306,2,   34.6876,2,     213.2,2,       204,    2010.2,      -999,9,    0.0040,2
    1250.0,2,    0.5306,2,   34.6877,2,     213.3,2,       336,    2021.8,      -999,9,    0.0036,2
    1252.0,2,    0.5306,2,   34.6874,2,     213.3,2,       132,    2032.3,      -999,9,    0.0032,2
END_DATA
