sample-id	absolute-filepath
P16N-S02-N01	$PWD/04-concatenated/P16N-S02-N01.trimmed.SILVA_132_and_PR2_EUK.cdhit95pc_concatenated.fastq
P16N-S02-N03	$PWD/04-concatenated/P16N-S02-N03.trimmed.SILVA_132_and_PR2_EUK.cdhit95pc_concatenated.fastq
P16N-S02-N04	$PWD/04-concatenated/P16N-S02-N04.trimmed.SILVA_132_and_PR2_EUK.cdhit95pc_concatenated.fastq
P16N-S02-N05	$PWD/04-concatenated/P16N-S02-N05.trimmed.SILVA_132_and_PR2_EUK.cdhit95pc_concatenated.fastq
P16N-S02-N06	$PWD/04-concatenated/P16N-S02-N06.trimmed.SILVA_132_and_PR2_EUK.cdhit95pc_concatenated.fastq
P16N-S02-N08	$PWD/04-concatenated/P16N-S02-N08.trimmed.SILVA_132_and_PR2_EUK.cdhit95pc_concatenated.fastq
P16N-S04-N01	$PWD/04-concatenated/P16N-S04-N01.trimmed.SILVA_132_and_PR2_EUK.cdhit95pc_concatenated.fastq
P16N-S04-N02	$PWD/04-concatenated/P16N-S04-N02.trimmed.SILVA_132_and_PR2_EUK.cdhit95pc_concatenated.fastq
P16N-S04-N04	$PWD/04-concatenated/P16N-S04-N04.trimmed.SILVA_132_and_PR2_EUK.cdhit95pc_concatenated.fastq
P16N-S04-N05	$PWD/04-concatenated/P16N-S04-N05.trimmed.SILVA_132_and_PR2_EUK.cdhit95pc_concatenated.fastq
P16N-S04-N06	$PWD/04-concatenated/P16N-S04-N06.trimmed.SILVA_132_and_PR2_EUK.cdhit95pc_concatenated.fastq
P16N-S04-N08	$PWD/04-concatenated/P16N-S04-N08.trimmed.SILVA_132_and_PR2_EUK.cdhit95pc_concatenated.fastq
P16N-S04-N11	$PWD/04-concatenated/P16N-S04-N11.trimmed.SILVA_132_and_PR2_EUK.cdhit95pc_concatenated.fastq
P16N-S04-N12	$PWD/04-concatenated/P16N-S04-N12.trimmed.SILVA_132_and_PR2_EUK.cdhit95pc_concatenated.fastq
P16N-S08-N03	$PWD/04-concatenated/P16N-S08-N03.trimmed.SILVA_132_and_PR2_EUK.cdhit95pc_concatenated.fastq
P16N-S08-N04	$PWD/04-concatenated/P16N-S08-N04.trimmed.SILVA_132_and_PR2_EUK.cdhit95pc_concatenated.fastq
P16N-S08-N05	$PWD/04-concatenated/P16N-S08-N05.trimmed.SILVA_132_and_PR2_EUK.cdhit95pc_concatenated.fastq
P16N-S08-N06	$PWD/04-concatenated/P16N-S08-N06.trimmed.SILVA_132_and_PR2_EUK.cdhit95pc_concatenated.fastq
P16N-S08-N08	$PWD/04-concatenated/P16N-S08-N08.trimmed.SILVA_132_and_PR2_EUK.cdhit95pc_concatenated.fastq
P16N-S08-N11	$PWD/04-concatenated/P16N-S08-N11.trimmed.SILVA_132_and_PR2_EUK.cdhit95pc_concatenated.fastq
P16N-S08-N12	$PWD/04-concatenated/P16N-S08-N12.trimmed.SILVA_132_and_PR2_EUK.cdhit95pc_concatenated.fastq
P16N-S12-N01	$PWD/04-concatenated/P16N-S12-N01.trimmed.SILVA_132_and_PR2_EUK.cdhit95pc_concatenated.fastq
P16N-S12-N03	$PWD/04-concatenated/P16N-S12-N03.trimmed.SILVA_132_and_PR2_EUK.cdhit95pc_concatenated.fastq
P16N-S12-N04	$PWD/04-concatenated/P16N-S12-N04.trimmed.SILVA_132_and_PR2_EUK.cdhit95pc_concatenated.fastq
P16N-S12-N05	$PWD/04-concatenated/P16N-S12-N05.trimmed.SILVA_132_and_PR2_EUK.cdhit95pc_concatenated.fastq
P16N-S12-N06	$PWD/04-concatenated/P16N-S12-N06.trimmed.SILVA_132_and_PR2_EUK.cdhit95pc_concatenated.fastq
P16N-S12-N08	$PWD/04-concatenated/P16N-S12-N08.trimmed.SILVA_132_and_PR2_EUK.cdhit95pc_concatenated.fastq
P16N-S12-N11	$PWD/04-concatenated/P16N-S12-N11.trimmed.SILVA_132_and_PR2_EUK.cdhit95pc_concatenated.fastq
P16N-S12-N12	$PWD/04-concatenated/P16N-S12-N12.trimmed.SILVA_132_and_PR2_EUK.cdhit95pc_concatenated.fastq
P16N-S18-N01	$PWD/04-concatenated/P16N-S18-N01.trimmed.SILVA_132_and_PR2_EUK.cdhit95pc_concatenated.fastq
P16N-S18-N03	$PWD/04-concatenated/P16N-S18-N03.trimmed.SILVA_132_and_PR2_EUK.cdhit95pc_concatenated.fastq
P16N-S18-N04	$PWD/04-concatenated/P16N-S18-N04.trimmed.SILVA_132_and_PR2_EUK.cdhit95pc_concatenated.fastq
P16N-S18-N05	$PWD/04-concatenated/P16N-S18-N05.trimmed.SILVA_132_and_PR2_EUK.cdhit95pc_concatenated.fastq
P16N-S18-N06	$PWD/04-concatenated/P16N-S18-N06.trimmed.SILVA_132_and_PR2_EUK.cdhit95pc_concatenated.fastq
P16N-S18-N08	$PWD/04-concatenated/P16N-S18-N08.trimmed.SILVA_132_and_PR2_EUK.cdhit95pc_concatenated.fastq
P16N-S18-N11	$PWD/04-concatenated/P16N-S18-N11.trimmed.SILVA_132_and_PR2_EUK.cdhit95pc_concatenated.fastq
P16N-S18-N12	$PWD/04-concatenated/P16N-S18-N12.trimmed.SILVA_132_and_PR2_EUK.cdhit95pc_concatenated.fastq
P16N-S21-N01	$PWD/04-concatenated/P16N-S21-N01.trimmed.SILVA_132_and_PR2_EUK.cdhit95pc_concatenated.fastq
P16N-S21-N03	$PWD/04-concatenated/P16N-S21-N03.trimmed.SILVA_132_and_PR2_EUK.cdhit95pc_concatenated.fastq
P16N-S21-N04	$PWD/04-concatenated/P16N-S21-N04.trimmed.SILVA_132_and_PR2_EUK.cdhit95pc_concatenated.fastq
P16N-S21-N05	$PWD/04-concatenated/P16N-S21-N05.trimmed.SILVA_132_and_PR2_EUK.cdhit95pc_concatenated.fastq
P16N-S21-N06	$PWD/04-concatenated/P16N-S21-N06.trimmed.SILVA_132_and_PR2_EUK.cdhit95pc_concatenated.fastq
P16N-S21-N08	$PWD/04-concatenated/P16N-S21-N08.trimmed.SILVA_132_and_PR2_EUK.cdhit95pc_concatenated.fastq
P16N-S21-N11	$PWD/04-concatenated/P16N-S21-N11.trimmed.SILVA_132_and_PR2_EUK.cdhit95pc_concatenated.fastq
P16N-S21-N12	$PWD/04-concatenated/P16N-S21-N12.trimmed.SILVA_132_and_PR2_EUK.cdhit95pc_concatenated.fastq
P16N-S26-N01	$PWD/04-concatenated/P16N-S26-N01.trimmed.SILVA_132_and_PR2_EUK.cdhit95pc_concatenated.fastq
P16N-S26-N03	$PWD/04-concatenated/P16N-S26-N03.trimmed.SILVA_132_and_PR2_EUK.cdhit95pc_concatenated.fastq
P16N-S26-N04	$PWD/04-concatenated/P16N-S26-N04.trimmed.SILVA_132_and_PR2_EUK.cdhit95pc_concatenated.fastq
P16N-S26-N05	$PWD/04-concatenated/P16N-S26-N05.trimmed.SILVA_132_and_PR2_EUK.cdhit95pc_concatenated.fastq
P16N-S26-N06	$PWD/04-concatenated/P16N-S26-N06.trimmed.SILVA_132_and_PR2_EUK.cdhit95pc_concatenated.fastq
P16N-S26-N08	$PWD/04-concatenated/P16N-S26-N08.trimmed.SILVA_132_and_PR2_EUK.cdhit95pc_concatenated.fastq
P16N-S26-N11	$PWD/04-concatenated/P16N-S26-N11.trimmed.SILVA_132_and_PR2_EUK.cdhit95pc_concatenated.fastq
P16N-S26-N12	$PWD/04-concatenated/P16N-S26-N12.trimmed.SILVA_132_and_PR2_EUK.cdhit95pc_concatenated.fastq
P16N-S32-N01	$PWD/04-concatenated/P16N-S32-N01.trimmed.SILVA_132_and_PR2_EUK.cdhit95pc_concatenated.fastq
P16N-S32-N03	$PWD/04-concatenated/P16N-S32-N03.trimmed.SILVA_132_and_PR2_EUK.cdhit95pc_concatenated.fastq
P16N-S32-N04	$PWD/04-concatenated/P16N-S32-N04.trimmed.SILVA_132_and_PR2_EUK.cdhit95pc_concatenated.fastq
P16N-S32-N05	$PWD/04-concatenated/P16N-S32-N05.trimmed.SILVA_132_and_PR2_EUK.cdhit95pc_concatenated.fastq
P16N-S32-N06	$PWD/04-concatenated/P16N-S32-N06.trimmed.SILVA_132_and_PR2_EUK.cdhit95pc_concatenated.fastq
P16N-S32-N08	$PWD/04-concatenated/P16N-S32-N08.trimmed.SILVA_132_and_PR2_EUK.cdhit95pc_concatenated.fastq
P16N-S32-N11	$PWD/04-concatenated/P16N-S32-N11.trimmed.SILVA_132_and_PR2_EUK.cdhit95pc_concatenated.fastq
P16N-S32-N12	$PWD/04-concatenated/P16N-S32-N12.trimmed.SILVA_132_and_PR2_EUK.cdhit95pc_concatenated.fastq
P16N-S36-N01	$PWD/04-concatenated/P16N-S36-N01.trimmed.SILVA_132_and_PR2_EUK.cdhit95pc_concatenated.fastq
P16N-S36-N03	$PWD/04-concatenated/P16N-S36-N03.trimmed.SILVA_132_and_PR2_EUK.cdhit95pc_concatenated.fastq
P16N-S36-N04	$PWD/04-concatenated/P16N-S36-N04.trimmed.SILVA_132_and_PR2_EUK.cdhit95pc_concatenated.fastq
P16N-S36-N05	$PWD/04-concatenated/P16N-S36-N05.trimmed.SILVA_132_and_PR2_EUK.cdhit95pc_concatenated.fastq
P16N-S36-N06	$PWD/04-concatenated/P16N-S36-N06.trimmed.SILVA_132_and_PR2_EUK.cdhit95pc_concatenated.fastq
P16N-S36-N08	$PWD/04-concatenated/P16N-S36-N08.trimmed.SILVA_132_and_PR2_EUK.cdhit95pc_concatenated.fastq
P16N-S36-N11	$PWD/04-concatenated/P16N-S36-N11.trimmed.SILVA_132_and_PR2_EUK.cdhit95pc_concatenated.fastq
P16N-S36-N12	$PWD/04-concatenated/P16N-S36-N12.trimmed.SILVA_132_and_PR2_EUK.cdhit95pc_concatenated.fastq
P16N-S40-N01	$PWD/04-concatenated/P16N-S40-N01.trimmed.SILVA_132_and_PR2_EUK.cdhit95pc_concatenated.fastq
P16N-S40-N02	$PWD/04-concatenated/P16N-S40-N02.trimmed.SILVA_132_and_PR2_EUK.cdhit95pc_concatenated.fastq
P16N-S40-N03	$PWD/04-concatenated/P16N-S40-N03.trimmed.SILVA_132_and_PR2_EUK.cdhit95pc_concatenated.fastq
P16N-S40-N04	$PWD/04-concatenated/P16N-S40-N04.trimmed.SILVA_132_and_PR2_EUK.cdhit95pc_concatenated.fastq
P16N-S40-N05	$PWD/04-concatenated/P16N-S40-N05.trimmed.SILVA_132_and_PR2_EUK.cdhit95pc_concatenated.fastq
P16N-S40-N06	$PWD/04-concatenated/P16N-S40-N06.trimmed.SILVA_132_and_PR2_EUK.cdhit95pc_concatenated.fastq
P16N-S40-N09	$PWD/04-concatenated/P16N-S40-N09.trimmed.SILVA_132_and_PR2_EUK.cdhit95pc_concatenated.fastq
P16N-S40-N10	$PWD/04-concatenated/P16N-S40-N10.trimmed.SILVA_132_and_PR2_EUK.cdhit95pc_concatenated.fastq
P16N-S47-N01	$PWD/04-concatenated/P16N-S47-N01.trimmed.SILVA_132_and_PR2_EUK.cdhit95pc_concatenated.fastq
P16N-S47-N01-200731-run063	$PWD/04-concatenated/P16N-S47-N01_200731_run063.trimmed.SILVA_132_and_PR2_EUK.cdhit95pc_concatenated.fastq
P16N-S47-N03-200731-run063	$PWD/04-concatenated/P16N-S47-N03_200731_run063.trimmed.SILVA_132_and_PR2_EUK.cdhit95pc_concatenated.fastq
P16N-S47-N05-200731-run063	$PWD/04-concatenated/P16N-S47-N05_200731_run063.trimmed.SILVA_132_and_PR2_EUK.cdhit95pc_concatenated.fastq
P16N-S47-N06-200731-run063	$PWD/04-concatenated/P16N-S47-N06_200731_run063.trimmed.SILVA_132_and_PR2_EUK.cdhit95pc_concatenated.fastq
P16N-S47-N08-200731-run063	$PWD/04-concatenated/P16N-S47-N08_200731_run063.trimmed.SILVA_132_and_PR2_EUK.cdhit95pc_concatenated.fastq
P16N-S47-N11-200731-run063	$PWD/04-concatenated/P16N-S47-N11_200731_run063.trimmed.SILVA_132_and_PR2_EUK.cdhit95pc_concatenated.fastq
P16N-S47-N12-200731-run063	$PWD/04-concatenated/P16N-S47-N12_200731_run063.trimmed.SILVA_132_and_PR2_EUK.cdhit95pc_concatenated.fastq
P16N-S51-N01	$PWD/04-concatenated/P16N-S51-N01.trimmed.SILVA_132_and_PR2_EUK.cdhit95pc_concatenated.fastq
P16N-S51-N03	$PWD/04-concatenated/P16N-S51-N03.trimmed.SILVA_132_and_PR2_EUK.cdhit95pc_concatenated.fastq
P16N-S51-N04	$PWD/04-concatenated/P16N-S51-N04.trimmed.SILVA_132_and_PR2_EUK.cdhit95pc_concatenated.fastq
P16N-S51-N05	$PWD/04-concatenated/P16N-S51-N05.trimmed.SILVA_132_and_PR2_EUK.cdhit95pc_concatenated.fastq
P16N-S51-N06	$PWD/04-concatenated/P16N-S51-N06.trimmed.SILVA_132_and_PR2_EUK.cdhit95pc_concatenated.fastq
P16N-S51-N08	$PWD/04-concatenated/P16N-S51-N08.trimmed.SILVA_132_and_PR2_EUK.cdhit95pc_concatenated.fastq
P16N-S51-N11	$PWD/04-concatenated/P16N-S51-N11.trimmed.SILVA_132_and_PR2_EUK.cdhit95pc_concatenated.fastq
P16N-S51-N12	$PWD/04-concatenated/P16N-S51-N12.trimmed.SILVA_132_and_PR2_EUK.cdhit95pc_concatenated.fastq
P16N-S55-N01	$PWD/04-concatenated/P16N-S55-N01.trimmed.SILVA_132_and_PR2_EUK.cdhit95pc_concatenated.fastq
P16N-S55-N03	$PWD/04-concatenated/P16N-S55-N03.trimmed.SILVA_132_and_PR2_EUK.cdhit95pc_concatenated.fastq
P16N-S55-N04	$PWD/04-concatenated/P16N-S55-N04.trimmed.SILVA_132_and_PR2_EUK.cdhit95pc_concatenated.fastq
P16N-S55-N05	$PWD/04-concatenated/P16N-S55-N05.trimmed.SILVA_132_and_PR2_EUK.cdhit95pc_concatenated.fastq
P16N-S55-N06	$PWD/04-concatenated/P16N-S55-N06.trimmed.SILVA_132_and_PR2_EUK.cdhit95pc_concatenated.fastq
P16N-S55-N08	$PWD/04-concatenated/P16N-S55-N08.trimmed.SILVA_132_and_PR2_EUK.cdhit95pc_concatenated.fastq
P16N-S55-N11	$PWD/04-concatenated/P16N-S55-N11.trimmed.SILVA_132_and_PR2_EUK.cdhit95pc_concatenated.fastq
P16N-S55-N12	$PWD/04-concatenated/P16N-S55-N12.trimmed.SILVA_132_and_PR2_EUK.cdhit95pc_concatenated.fastq
P16N-S61-N01	$PWD/04-concatenated/P16N-S61-N01.trimmed.SILVA_132_and_PR2_EUK.cdhit95pc_concatenated.fastq
P16N-S61-N03	$PWD/04-concatenated/P16N-S61-N03.trimmed.SILVA_132_and_PR2_EUK.cdhit95pc_concatenated.fastq
P16N-S61-N04	$PWD/04-concatenated/P16N-S61-N04.trimmed.SILVA_132_and_PR2_EUK.cdhit95pc_concatenated.fastq
P16N-S61-N05	$PWD/04-concatenated/P16N-S61-N05.trimmed.SILVA_132_and_PR2_EUK.cdhit95pc_concatenated.fastq
P16N-S61-N06	$PWD/04-concatenated/P16N-S61-N06.trimmed.SILVA_132_and_PR2_EUK.cdhit95pc_concatenated.fastq
P16N-S61-N08	$PWD/04-concatenated/P16N-S61-N08.trimmed.SILVA_132_and_PR2_EUK.cdhit95pc_concatenated.fastq
P16N-S61-N11	$PWD/04-concatenated/P16N-S61-N11.trimmed.SILVA_132_and_PR2_EUK.cdhit95pc_concatenated.fastq
P16N-S61-N12	$PWD/04-concatenated/P16N-S61-N12.trimmed.SILVA_132_and_PR2_EUK.cdhit95pc_concatenated.fastq
P16N-S66-N01	$PWD/04-concatenated/P16N-S66-N01.trimmed.SILVA_132_and_PR2_EUK.cdhit95pc_concatenated.fastq
P16N-S66-N03	$PWD/04-concatenated/P16N-S66-N03.trimmed.SILVA_132_and_PR2_EUK.cdhit95pc_concatenated.fastq
P16N-S66-N04	$PWD/04-concatenated/P16N-S66-N04.trimmed.SILVA_132_and_PR2_EUK.cdhit95pc_concatenated.fastq
P16N-S66-N05	$PWD/04-concatenated/P16N-S66-N05.trimmed.SILVA_132_and_PR2_EUK.cdhit95pc_concatenated.fastq
P16N-S66-N06	$PWD/04-concatenated/P16N-S66-N06.trimmed.SILVA_132_and_PR2_EUK.cdhit95pc_concatenated.fastq
P16N-S66-N08	$PWD/04-concatenated/P16N-S66-N08.trimmed.SILVA_132_and_PR2_EUK.cdhit95pc_concatenated.fastq
P16N-S66-N11	$PWD/04-concatenated/P16N-S66-N11.trimmed.SILVA_132_and_PR2_EUK.cdhit95pc_concatenated.fastq
P16N-S66-N12	$PWD/04-concatenated/P16N-S66-N12.trimmed.SILVA_132_and_PR2_EUK.cdhit95pc_concatenated.fastq
P16N-S72-N01	$PWD/04-concatenated/P16N-S72-N01.trimmed.SILVA_132_and_PR2_EUK.cdhit95pc_concatenated.fastq
P16N-S72-N03	$PWD/04-concatenated/P16N-S72-N03.trimmed.SILVA_132_and_PR2_EUK.cdhit95pc_concatenated.fastq
P16N-S72-N04	$PWD/04-concatenated/P16N-S72-N04.trimmed.SILVA_132_and_PR2_EUK.cdhit95pc_concatenated.fastq
P16N-S72-N05	$PWD/04-concatenated/P16N-S72-N05.trimmed.SILVA_132_and_PR2_EUK.cdhit95pc_concatenated.fastq
P16N-S72-N06	$PWD/04-concatenated/P16N-S72-N06.trimmed.SILVA_132_and_PR2_EUK.cdhit95pc_concatenated.fastq
P16N-S72-N08	$PWD/04-concatenated/P16N-S72-N08.trimmed.SILVA_132_and_PR2_EUK.cdhit95pc_concatenated.fastq
P16N-S72-N11	$PWD/04-concatenated/P16N-S72-N11.trimmed.SILVA_132_and_PR2_EUK.cdhit95pc_concatenated.fastq
P16N-S72-N12	$PWD/04-concatenated/P16N-S72-N12.trimmed.SILVA_132_and_PR2_EUK.cdhit95pc_concatenated.fastq
P16S-S05-N03	$PWD/04-concatenated/P16S-S05-N03.trimmed.SILVA_132_and_PR2_EUK.cdhit95pc_concatenated.fastq
P16S-S05-N05	$PWD/04-concatenated/P16S-S05-N05.trimmed.SILVA_132_and_PR2_EUK.cdhit95pc_concatenated.fastq
P16S-S05-N08	$PWD/04-concatenated/P16S-S05-N08.trimmed.SILVA_132_and_PR2_EUK.cdhit95pc_concatenated.fastq
P16S-S05-N10	$PWD/04-concatenated/P16S-S05-N10.trimmed.SILVA_132_and_PR2_EUK.cdhit95pc_concatenated.fastq
P16S-S05-N11	$PWD/04-concatenated/P16S-S05-N11.trimmed.SILVA_132_and_PR2_EUK.cdhit95pc_concatenated.fastq
P16S-S05-N12	$PWD/04-concatenated/P16S-S05-N12.trimmed.SILVA_132_and_PR2_EUK.cdhit95pc_concatenated.fastq
P16S-S05-N14	$PWD/04-concatenated/P16S-S05-N14.trimmed.SILVA_132_and_PR2_EUK.cdhit95pc_concatenated.fastq
P16S-S05-N15	$PWD/04-concatenated/P16S-S05-N15.trimmed.SILVA_132_and_PR2_EUK.cdhit95pc_concatenated.fastq
P16S-S104-N21	$PWD/04-concatenated/P16S-S104-N21.trimmed.SILVA_132_and_PR2_EUK.cdhit95pc_concatenated.fastq
P16S-S104-N23	$PWD/04-concatenated/P16S-S104-N23.trimmed.SILVA_132_and_PR2_EUK.cdhit95pc_concatenated.fastq
P16S-S104-N25	$PWD/04-concatenated/P16S-S104-N25.trimmed.SILVA_132_and_PR2_EUK.cdhit95pc_concatenated.fastq
P16S-S104-N27	$PWD/04-concatenated/P16S-S104-N27.trimmed.SILVA_132_and_PR2_EUK.cdhit95pc_concatenated.fastq
P16S-S104-N28	$PWD/04-concatenated/P16S-S104-N28.trimmed.SILVA_132_and_PR2_EUK.cdhit95pc_concatenated.fastq
P16S-S104-N29	$PWD/04-concatenated/P16S-S104-N29.trimmed.SILVA_132_and_PR2_EUK.cdhit95pc_concatenated.fastq
P16S-S104-N30	$PWD/04-concatenated/P16S-S104-N30.trimmed.SILVA_132_and_PR2_EUK.cdhit95pc_concatenated.fastq
P16S-S104-N31	$PWD/04-concatenated/P16S-S104-N31.trimmed.SILVA_132_and_PR2_EUK.cdhit95pc_concatenated.fastq
P16S-S15-N03	$PWD/04-concatenated/P16S-S15-N03.trimmed.SILVA_132_and_PR2_EUK.cdhit95pc_concatenated.fastq
P16S-S15-N05	$PWD/04-concatenated/P16S-S15-N05.trimmed.SILVA_132_and_PR2_EUK.cdhit95pc_concatenated.fastq
P16S-S15-N08	$PWD/04-concatenated/P16S-S15-N08.trimmed.SILVA_132_and_PR2_EUK.cdhit95pc_concatenated.fastq
P16S-S15-N09	$PWD/04-concatenated/P16S-S15-N09.trimmed.SILVA_132_and_PR2_EUK.cdhit95pc_concatenated.fastq
P16S-S15-N10	$PWD/04-concatenated/P16S-S15-N10.trimmed.SILVA_132_and_PR2_EUK.cdhit95pc_concatenated.fastq
P16S-S15-N11	$PWD/04-concatenated/P16S-S15-N11.trimmed.SILVA_132_and_PR2_EUK.cdhit95pc_concatenated.fastq
P16S-S15-N12	$PWD/04-concatenated/P16S-S15-N12.trimmed.SILVA_132_and_PR2_EUK.cdhit95pc_concatenated.fastq
P16S-S15-N15	$PWD/04-concatenated/P16S-S15-N15.trimmed.SILVA_132_and_PR2_EUK.cdhit95pc_concatenated.fastq
P16S-S33-N03	$PWD/04-concatenated/P16S-S33-N03.trimmed.SILVA_132_and_PR2_EUK.cdhit95pc_concatenated.fastq
P16S-S33-N05	$PWD/04-concatenated/P16S-S33-N05.trimmed.SILVA_132_and_PR2_EUK.cdhit95pc_concatenated.fastq
P16S-S33-N08	$PWD/04-concatenated/P16S-S33-N08.trimmed.SILVA_132_and_PR2_EUK.cdhit95pc_concatenated.fastq
P16S-S33-N09	$PWD/04-concatenated/P16S-S33-N09.trimmed.SILVA_132_and_PR2_EUK.cdhit95pc_concatenated.fastq
P16S-S33-N10	$PWD/04-concatenated/P16S-S33-N10.trimmed.SILVA_132_and_PR2_EUK.cdhit95pc_concatenated.fastq
P16S-S33-N11	$PWD/04-concatenated/P16S-S33-N11.trimmed.SILVA_132_and_PR2_EUK.cdhit95pc_concatenated.fastq
P16S-S33-N12	$PWD/04-concatenated/P16S-S33-N12.trimmed.SILVA_132_and_PR2_EUK.cdhit95pc_concatenated.fastq
P16S-S33-N15	$PWD/04-concatenated/P16S-S33-N15.trimmed.SILVA_132_and_PR2_EUK.cdhit95pc_concatenated.fastq
P16S-S47-N03	$PWD/04-concatenated/P16S-S47-N03.trimmed.SILVA_132_and_PR2_EUK.cdhit95pc_concatenated.fastq
P16S-S47-N04	$PWD/04-concatenated/P16S-S47-N04.trimmed.SILVA_132_and_PR2_EUK.cdhit95pc_concatenated.fastq
P16S-S47-N05	$PWD/04-concatenated/P16S-S47-N05.trimmed.SILVA_132_and_PR2_EUK.cdhit95pc_concatenated.fastq
P16S-S47-N08	$PWD/04-concatenated/P16S-S47-N08.trimmed.SILVA_132_and_PR2_EUK.cdhit95pc_concatenated.fastq
P16S-S47-N09	$PWD/04-concatenated/P16S-S47-N09.trimmed.SILVA_132_and_PR2_EUK.cdhit95pc_concatenated.fastq
P16S-S47-N10	$PWD/04-concatenated/P16S-S47-N10.trimmed.SILVA_132_and_PR2_EUK.cdhit95pc_concatenated.fastq
P16S-S47-N12	$PWD/04-concatenated/P16S-S47-N12.trimmed.SILVA_132_and_PR2_EUK.cdhit95pc_concatenated.fastq
P16S-S47-N14	$PWD/04-concatenated/P16S-S47-N14.trimmed.SILVA_132_and_PR2_EUK.cdhit95pc_concatenated.fastq
P16S-S70-N26	$PWD/04-concatenated/P16S-S70-N26.trimmed.SILVA_132_and_PR2_EUK.cdhit95pc_concatenated.fastq
P16S-S70-N28	$PWD/04-concatenated/P16S-S70-N28.trimmed.SILVA_132_and_PR2_EUK.cdhit95pc_concatenated.fastq
P16S-S70-N30	$PWD/04-concatenated/P16S-S70-N30.trimmed.SILVA_132_and_PR2_EUK.cdhit95pc_concatenated.fastq
P16S-S70-N32	$PWD/04-concatenated/P16S-S70-N32.trimmed.SILVA_132_and_PR2_EUK.cdhit95pc_concatenated.fastq
P16S-S70-N33	$PWD/04-concatenated/P16S-S70-N33.trimmed.SILVA_132_and_PR2_EUK.cdhit95pc_concatenated.fastq
P16S-S70-N34	$PWD/04-concatenated/P16S-S70-N34.trimmed.SILVA_132_and_PR2_EUK.cdhit95pc_concatenated.fastq
P16S-S70-N35	$PWD/04-concatenated/P16S-S70-N35.trimmed.SILVA_132_and_PR2_EUK.cdhit95pc_concatenated.fastq
P16S-S70-N36	$PWD/04-concatenated/P16S-S70-N36.trimmed.SILVA_132_and_PR2_EUK.cdhit95pc_concatenated.fastq
P16S-S76-N26	$PWD/04-concatenated/P16S-S76-N26.trimmed.SILVA_132_and_PR2_EUK.cdhit95pc_concatenated.fastq
P16S-S76-N28	$PWD/04-concatenated/P16S-S76-N28.trimmed.SILVA_132_and_PR2_EUK.cdhit95pc_concatenated.fastq
P16S-S76-N30	$PWD/04-concatenated/P16S-S76-N30.trimmed.SILVA_132_and_PR2_EUK.cdhit95pc_concatenated.fastq
P16S-S76-N32	$PWD/04-concatenated/P16S-S76-N32.trimmed.SILVA_132_and_PR2_EUK.cdhit95pc_concatenated.fastq
P16S-S76-N33	$PWD/04-concatenated/P16S-S76-N33.trimmed.SILVA_132_and_PR2_EUK.cdhit95pc_concatenated.fastq
P16S-S76-N34	$PWD/04-concatenated/P16S-S76-N34.trimmed.SILVA_132_and_PR2_EUK.cdhit95pc_concatenated.fastq
P16S-S76-N35	$PWD/04-concatenated/P16S-S76-N35.trimmed.SILVA_132_and_PR2_EUK.cdhit95pc_concatenated.fastq
P16S-S76-N36	$PWD/04-concatenated/P16S-S76-N36.trimmed.SILVA_132_and_PR2_EUK.cdhit95pc_concatenated.fastq
P16S-S84-N19	$PWD/04-concatenated/P16S-S84-N19.trimmed.SILVA_132_and_PR2_EUK.cdhit95pc_concatenated.fastq
P16S-S84-N21	$PWD/04-concatenated/P16S-S84-N21.trimmed.SILVA_132_and_PR2_EUK.cdhit95pc_concatenated.fastq
P16S-S84-N23	$PWD/04-concatenated/P16S-S84-N23.trimmed.SILVA_132_and_PR2_EUK.cdhit95pc_concatenated.fastq
P16S-S84-N25	$PWD/04-concatenated/P16S-S84-N25.trimmed.SILVA_132_and_PR2_EUK.cdhit95pc_concatenated.fastq
P16S-S84-N26	$PWD/04-concatenated/P16S-S84-N26.trimmed.SILVA_132_and_PR2_EUK.cdhit95pc_concatenated.fastq
P16S-S84-N28	$PWD/04-concatenated/P16S-S84-N28.trimmed.SILVA_132_and_PR2_EUK.cdhit95pc_concatenated.fastq
P16S-S84-N29	$PWD/04-concatenated/P16S-S84-N29.trimmed.SILVA_132_and_PR2_EUK.cdhit95pc_concatenated.fastq
P16S-S84-N31	$PWD/04-concatenated/P16S-S84-N31.trimmed.SILVA_132_and_PR2_EUK.cdhit95pc_concatenated.fastq
P16S-S90-N20	$PWD/04-concatenated/P16S-S90-N20.trimmed.SILVA_132_and_PR2_EUK.cdhit95pc_concatenated.fastq
P16S-S90-N22	$PWD/04-concatenated/P16S-S90-N22.trimmed.SILVA_132_and_PR2_EUK.cdhit95pc_concatenated.fastq
P16S-S90-N24	$PWD/04-concatenated/P16S-S90-N24.trimmed.SILVA_132_and_PR2_EUK.cdhit95pc_concatenated.fastq
P16S-S90-N26	$PWD/04-concatenated/P16S-S90-N26.trimmed.SILVA_132_and_PR2_EUK.cdhit95pc_concatenated.fastq
P16S-S90-N27	$PWD/04-concatenated/P16S-S90-N27.trimmed.SILVA_132_and_PR2_EUK.cdhit95pc_concatenated.fastq
P16S-S90-N28	$PWD/04-concatenated/P16S-S90-N28.trimmed.SILVA_132_and_PR2_EUK.cdhit95pc_concatenated.fastq
P16S-S90-N29	$PWD/04-concatenated/P16S-S90-N29.trimmed.SILVA_132_and_PR2_EUK.cdhit95pc_concatenated.fastq
P16S-S90-N30	$PWD/04-concatenated/P16S-S90-N30.trimmed.SILVA_132_and_PR2_EUK.cdhit95pc_concatenated.fastq
P16S-S96-N18	$PWD/04-concatenated/P16S-S96-N18.trimmed.SILVA_132_and_PR2_EUK.cdhit95pc_concatenated.fastq
P16S-S96-N20	$PWD/04-concatenated/P16S-S96-N20.trimmed.SILVA_132_and_PR2_EUK.cdhit95pc_concatenated.fastq
P16S-S96-N23	$PWD/04-concatenated/P16S-S96-N23.trimmed.SILVA_132_and_PR2_EUK.cdhit95pc_concatenated.fastq
P16S-S96-N24	$PWD/04-concatenated/P16S-S96-N24.trimmed.SILVA_132_and_PR2_EUK.cdhit95pc_concatenated.fastq
P16S-S96-N25	$PWD/04-concatenated/P16S-S96-N25.trimmed.SILVA_132_and_PR2_EUK.cdhit95pc_concatenated.fastq
P16S-S96-N26	$PWD/04-concatenated/P16S-S96-N26.trimmed.SILVA_132_and_PR2_EUK.cdhit95pc_concatenated.fastq
P16S-S96-N27	$PWD/04-concatenated/P16S-S96-N27.trimmed.SILVA_132_and_PR2_EUK.cdhit95pc_concatenated.fastq
P16S-S96-N28	$PWD/04-concatenated/P16S-S96-N28.trimmed.SILVA_132_and_PR2_EUK.cdhit95pc_concatenated.fastq
